,episode,make_span,reward,min make span
0,0.0,1968.0,9.878787878787904,1968.0
1,0.0,2022.0,-1.0303030303030436,1968.0
2,0.0,1899.0,23.81818181818182,1899.0
3,1.0,2031.0,-2.848484848484855,1899.0
4,1.0,1942.0,15.131313131313131,1899.0
5,1.0,2010.0,1.3939393939394318,1899.0
6,2.0,1974.0,8.666666666666686,1899.0
7,2.0,2092.0,-15.171717171717178,1899.0
8,2.0,1945.0,14.5252525252525,1899.0
9,3.0,2080.0,-12.747474747474723,1899.0
10,3.0,1922.0,19.171717171717177,1899.0
11,3.0,1998.0,3.818181818181815,1899.0
12,4.0,2018.0,-0.22222222222222143,1899.0
13,4.0,1980.0,7.454545454545464,1899.0
14,4.0,1964.0,10.686868686868706,1899.0
15,5.0,2069.0,-10.525252525252506,1899.0
16,5.0,1997.0,4.0202020202020625,1899.0
17,5.0,1961.0,11.29292929292929,1899.0
18,6.0,1947.0,14.12121212121215,1899.0
19,6.0,2003.0,2.808080808080831,1899.0
20,6.0,1973.0,8.8686868686869,1899.0
21,7.0,1986.0,6.2424242424242635,1899.0
22,7.0,2044.0,-5.474747474747424,1899.0
23,7.0,2003.0,2.808080808080798,1899.0
24,8.0,1951.0,13.31313131313133,1899.0
25,8.0,1922.0,19.171717171717212,1899.0
26,8.0,2023.0,-1.232323232323207,1899.0
27,9.0,2029.0,-2.4444444444444517,1899.0
28,9.0,1947.0,14.121212121212135,1899.0
29,9.0,1987.0,6.04040404040404,1899.0
30,10.0,1977.0,8.060606060606048,1899.0
31,10.0,2029.0,-2.444444444444425,1899.0
32,10.0,2008.0,1.7979797979798011,1899.0
33,11.0,2068.0,-10.323232323232332,1899.0
34,11.0,2070.0,-10.727272727272693,1899.0
35,11.0,1942.0,15.131313131313162,1899.0
36,12.0,1987.0,6.040404040404078,1899.0
37,12.0,1967.0,10.080808080808108,1899.0
38,12.0,2002.0,3.0101010101010433,1899.0
39,13.0,1926.0,18.363636363636406,1899.0
40,13.0,1944.0,14.727272727272773,1899.0
41,13.0,1950.0,13.515151515151505,1899.0
42,14.0,2055.0,-7.696969696969706,1899.0
43,14.0,2037.0,-4.06060606060605,1899.0
44,14.0,1996.0,4.2222222222222605,1899.0
45,15.0,1958.0,11.898989898989878,1899.0
46,15.0,2043.0,-5.2727272727272725,1899.0
47,15.0,2076.0,-11.939393939393916,1899.0
48,16.0,2036.0,-3.858585858585842,1899.0
49,16.0,1968.0,9.87878787878791,1899.0
50,16.0,2003.0,2.808080808080816,1899.0
51,17.0,2105.0,-17.797979797979803,1899.0
52,17.0,2018.0,-0.22222222222221077,1899.0
53,17.0,2000.0,3.4141414141414543,1899.0
54,18.0,1893.0,25.030303030303003,1893.0
55,18.0,1973.0,8.868686868686865,1893.0
56,18.0,2027.0,-2.040404040403999,1893.0
57,19.0,2221.0,-41.232323232323246,1893.0
58,19.0,1909.0,21.797979797979792,1893.0
59,19.0,1946.0,14.323232323232315,1893.0
60,20.0,2042.0,-5.0707070707070265,1893.0
61,20.0,2032.0,-3.0505050505050226,1893.0
62,20.0,1946.0,14.323232323232318,1893.0
63,21.0,1969.0,9.676767676767692,1893.0
64,21.0,2069.0,-10.525252525252483,1893.0
65,21.0,1955.0,12.505050505050498,1893.0
66,22.0,2015.0,0.3838383838383912,1893.0
67,22.0,1924.0,18.76767676767679,1893.0
68,22.0,1994.0,4.626262626262632,1893.0
69,23.0,2030.0,-2.6464646464646293,1893.0
70,23.0,2026.0,-1.838383838383825,1893.0
71,23.0,1948.0,13.919191919191972,1893.0
72,24.0,1924.0,18.767676767676775,1893.0
73,24.0,1987.0,6.0404040404040344,1893.0
74,24.0,2021.0,-0.8282828282828305,1893.0
75,25.0,1917.0,20.18181818181813,1893.0
76,25.0,2025.0,-1.6363636363636491,1893.0
77,25.0,2035.0,-3.656565656565631,1893.0
78,26.0,1920.0,19.575757575757606,1893.0
79,26.0,1979.0,7.656565656565649,1893.0
80,26.0,2004.0,2.6060606060606126,1893.0
81,27.0,1922.0,19.171717171717205,1893.0
82,27.0,1923.0,18.96969696969701,1893.0
83,27.0,2059.0,-8.505050505050477,1893.0
84,28.0,2027.0,-2.040404040404022,1893.0
85,28.0,2010.0,1.393939393939366,1893.0
86,28.0,1913.0,20.989898989898972,1893.0
87,29.0,1971.0,9.272727272727286,1893.0
88,29.0,1948.0,13.919191919191942,1893.0
89,29.0,1983.0,6.848484848484844,1893.0
90,30.0,2013.0,0.7878787878787872,1893.0
91,30.0,2025.0,-1.6363636363636402,1893.0
92,30.0,2138.0,-24.46464646464647,1893.0
93,31.0,2024.0,-1.4343434343434538,1893.0
94,31.0,2025.0,-1.6363636363636012,1893.0
95,31.0,1943.0,14.929292929292906,1893.0
96,32.0,2049.0,-6.48484848484848,1893.0
97,32.0,1970.0,9.47474747474746,1893.0
98,32.0,2007.0,2.0000000000000338,1893.0
99,33.0,1988.0,5.838383838383788,1893.0
100,33.0,1930.0,17.55555555555552,1893.0
101,33.0,1904.0,22.808080808080796,1893.0
102,34.0,1966.0,10.282828282828326,1893.0
103,34.0,2002.0,3.010101010101013,1893.0
104,34.0,2005.0,2.4040404040404386,1893.0
105,35.0,1966.0,10.28282828282829,1893.0
106,35.0,1970.0,9.47474747474752,1893.0
107,35.0,2005.0,2.404040404040451,1893.0
108,36.0,1978.0,7.85858585858584,1893.0
109,36.0,1990.0,5.434343434343488,1893.0
110,36.0,2065.0,-9.71717171717176,1893.0
111,37.0,1970.0,9.474747474747499,1893.0
112,37.0,1948.0,13.919191919191904,1893.0
113,37.0,2032.0,-3.050505050505027,1893.0
114,38.0,1925.0,18.565656565656596,1893.0
115,38.0,2072.0,-11.1313131313131,1893.0
116,38.0,1976.0,8.262626262626265,1893.0
117,39.0,1951.0,13.313131313131294,1893.0
118,39.0,2051.0,-6.888888888888913,1893.0
119,39.0,1971.0,9.272727272727291,1893.0
120,40.0,2062.0,-9.111111111111109,1893.0
121,40.0,1930.0,17.55555555555555,1893.0
122,40.0,1953.0,12.909090909090938,1893.0
123,41.0,1941.0,15.333333333333382,1893.0
124,41.0,1924.0,18.76767676767683,1893.0
125,41.0,1926.0,18.363636363636346,1893.0
126,42.0,1988.0,5.838383838383827,1893.0
127,42.0,2009.0,1.5959595959596218,1893.0
128,42.0,1906.0,22.404040404040412,1893.0
129,43.0,1966.0,10.282828282828348,1893.0
130,43.0,2081.0,-12.949494949494898,1893.0
131,43.0,1976.0,8.26262626262625,1893.0
132,44.0,2008.0,1.7979797979798153,1893.0
133,44.0,1944.0,14.727272727272744,1893.0
134,44.0,1959.0,11.696969696969678,1893.0
135,45.0,1965.0,10.484848484848513,1893.0
136,45.0,2019.0,-0.42424242424238834,1893.0
137,45.0,1953.0,12.909090909090946,1893.0
138,46.0,1950.0,13.515151515151546,1893.0
139,46.0,1976.0,8.262626262626238,1893.0
140,46.0,2050.0,-6.686868686868701,1893.0
141,47.0,2044.0,-5.474747474747453,1893.0
142,47.0,2010.0,1.3939393939394265,1893.0
143,47.0,1909.0,21.79797979797985,1893.0
144,48.0,2003.0,2.8080808080807964,1893.0
145,48.0,1992.0,5.030303030303045,1893.0
146,48.0,1994.0,4.626262626262633,1893.0
147,49.0,2095.0,-15.777777777777782,1893.0
148,49.0,1969.0,9.676767676767671,1893.0
149,49.0,1929.0,17.757575757575744,1893.0
150,50.0,1940.0,15.535353535353554,1893.0
151,50.0,1981.0,7.252525252525258,1893.0
152,50.0,1878.0,28.060606060606037,1878.0
153,51.0,1987.0,6.040404040404054,1878.0
154,51.0,1980.0,7.454545454545453,1878.0
155,51.0,2110.0,-18.808080808080817,1878.0
156,52.0,2050.0,-6.686868686868679,1878.0
157,52.0,1975.0,8.464646464646506,1878.0
158,52.0,1917.0,20.18181818181813,1878.0
159,53.0,1968.0,9.878787878787882,1878.0
160,53.0,1926.0,18.363636363636367,1878.0
161,53.0,2051.0,-6.888888888888889,1878.0
162,54.0,1989.0,5.63636363636364,1878.0
163,54.0,1989.0,5.63636363636361,1878.0
164,54.0,1944.0,14.727272727272704,1878.0
165,55.0,1965.0,10.484848484848523,1878.0
166,55.0,1891.0,25.434343434343457,1878.0
167,55.0,1957.0,12.101010101010129,1878.0
168,56.0,2022.0,-1.0303030303029619,1878.0
169,56.0,2100.0,-16.78787878787878,1878.0
170,56.0,1944.0,14.72727272727279,1878.0
171,57.0,2033.0,-3.25252525252524,1878.0
172,57.0,1988.0,5.838383838383841,1878.0
173,57.0,1932.0,17.151515151515163,1878.0
174,58.0,2004.0,2.606060606060611,1878.0
175,58.0,2018.0,-0.22222222222217702,1878.0
176,58.0,1947.0,14.121212121212125,1878.0
177,59.0,1994.0,4.626262626262617,1878.0
178,59.0,1987.0,6.040404040404027,1878.0
179,59.0,2008.0,1.7979797979798242,1878.0
180,60.0,1993.0,4.828282828282866,1878.0
181,60.0,2020.0,-0.6262626262625925,1878.0
182,60.0,1983.0,6.848484848484826,1878.0
183,61.0,2004.0,2.6060606060606233,1878.0
184,61.0,2004.0,2.6060606060606055,1878.0
185,61.0,1966.0,10.282828282828312,1878.0
186,62.0,2012.0,0.9898989898990145,1878.0
187,62.0,2003.0,2.8080808080808115,1878.0
188,62.0,2022.0,-1.0303030303030205,1878.0
189,63.0,1934.0,16.747474747474747,1878.0
190,63.0,1963.0,10.888888888888935,1878.0
191,63.0,1985.0,6.444444444444475,1878.0
192,64.0,1931.0,17.353535353535314,1878.0
193,64.0,2044.0,-5.4747474747474705,1878.0
194,64.0,1969.0,9.676767676767687,1878.0
195,65.0,1984.0,6.6464646464646595,1878.0
196,65.0,1999.0,3.6161616161616283,1878.0
197,65.0,2012.0,0.9898989898990074,1878.0
198,66.0,2009.0,1.595959595959613,1878.0
199,66.0,2009.0,1.595959595959597,1878.0
200,66.0,2003.0,2.808080808080807,1878.0
201,67.0,1928.0,17.95959595959593,1878.0
202,67.0,2020.0,-0.6262626262626156,1878.0
203,67.0,2013.0,0.7878787878788316,1878.0
204,68.0,1993.0,4.828282828282879,1878.0
205,68.0,2002.0,3.01010101010102,1878.0
206,68.0,2003.0,2.8080808080807955,1878.0
207,69.0,1987.0,6.040404040404004,1878.0
208,69.0,1943.0,14.929292929292941,1878.0
209,69.0,2066.0,-9.919191919191853,1878.0
210,70.0,2056.0,-7.898989898989944,1878.0
211,70.0,1873.0,29.07070707070708,1873.0
212,70.0,1985.0,6.444444444444464,1873.0
213,71.0,1973.0,8.868686868686925,1873.0
214,71.0,2079.0,-12.54545454545454,1873.0
215,71.0,2078.0,-12.343434343434362,1873.0
216,72.0,2040.0,-4.666666666666682,1873.0
217,72.0,2043.0,-5.272727272727277,1873.0
218,72.0,2065.0,-9.717171717171734,1873.0
219,73.0,2065.0,-9.71717171717174,1873.0
220,73.0,1955.0,12.50505050505047,1873.0
221,73.0,1954.0,12.707070707070695,1873.0
222,74.0,1999.0,3.616161616161598,1873.0
223,74.0,2006.0,2.2020202020202007,1873.0
224,74.0,1982.0,7.050505050505043,1873.0
225,75.0,1998.0,3.8181818181817935,1873.0
226,75.0,2000.0,3.414141414141458,1873.0
227,75.0,2051.0,-6.888888888888886,1873.0
228,76.0,2084.0,-13.55555555555555,1873.0
229,76.0,1972.0,9.070707070707055,1873.0
230,76.0,1889.0,25.838383838383855,1873.0
231,77.0,1958.0,11.898989898989893,1873.0
232,77.0,1951.0,13.31313131313132,1873.0
233,77.0,1995.0,4.424242424242383,1873.0
234,78.0,2058.0,-8.303030303030308,1873.0
235,78.0,1969.0,9.676767676767712,1873.0
236,78.0,1917.0,20.18181818181811,1873.0
237,79.0,1989.0,5.636363636363646,1873.0
238,79.0,2051.0,-6.888888888888908,1873.0
239,79.0,2034.0,-3.4545454545454284,1873.0
240,80.0,1965.0,10.484848484848529,1873.0
241,80.0,2023.0,-1.2323232323232265,1873.0
242,80.0,2052.0,-7.09090909090907,1873.0
243,81.0,2037.0,-4.060606060606039,1873.0
244,81.0,1900.0,23.616161616161616,1873.0
245,81.0,2062.0,-9.111111111111102,1873.0
246,82.0,2025.0,-1.636363636363665,1873.0
247,82.0,2058.0,-8.303030303030292,1873.0
248,82.0,2032.0,-3.050505050505004,1873.0
249,83.0,2178.0,-32.54545454545451,1873.0
250,83.0,2076.0,-11.939393939393932,1873.0
251,83.0,1985.0,6.4444444444444535,1873.0
252,84.0,2000.0,3.4141414141414614,1873.0
253,84.0,2093.0,-15.373737373737386,1873.0
254,84.0,2032.0,-3.0505050505050217,1873.0
255,85.0,2027.0,-2.040404040404045,1873.0
256,85.0,2014.0,0.5858585858585919,1873.0
257,85.0,2034.0,-3.4545454545454426,1873.0
258,86.0,1978.0,7.85858585858589,1873.0
259,86.0,2048.0,-6.282828282828261,1873.0
260,86.0,1924.0,18.767676767676736,1873.0
261,87.0,2092.0,-15.171717171717166,1873.0
262,87.0,1928.0,17.95959595959596,1873.0
263,87.0,1955.0,12.505050505050512,1873.0
264,88.0,2084.0,-13.555555555555584,1873.0
265,88.0,1891.0,25.434343434343482,1873.0
266,88.0,1945.0,14.525252525252515,1873.0
267,89.0,2009.0,1.5959595959596147,1873.0
268,89.0,2016.0,0.1818181818181639,1873.0
269,89.0,1967.0,10.080808080808076,1873.0
270,90.0,1985.0,6.44444444444443,1873.0
271,90.0,1958.0,11.8989898989899,1873.0
272,90.0,2026.0,-1.8383838383838031,1873.0
273,91.0,2020.0,-0.6262626262626032,1873.0
274,91.0,1963.0,10.888888888888824,1873.0
275,91.0,2054.0,-7.49494949494952,1873.0
276,92.0,2021.0,-0.8282828282828749,1873.0
277,92.0,1942.0,15.13131313131317,1873.0
278,92.0,2056.0,-7.898989898989932,1873.0
279,93.0,2033.0,-3.252525252525176,1873.0
280,93.0,1994.0,4.626262626262647,1873.0
281,93.0,1894.0,24.82828282828281,1873.0
282,94.0,1986.0,6.242424242424256,1873.0
283,94.0,2036.0,-3.8585858585858563,1873.0
284,94.0,2060.0,-8.707070707070725,1873.0
285,95.0,1930.0,17.555555555555554,1873.0
286,95.0,1980.0,7.454545454545493,1873.0
287,95.0,1979.0,7.656565656565639,1873.0
288,96.0,1922.0,19.171717171717173,1873.0
289,96.0,1980.0,7.454545454545459,1873.0
290,96.0,2000.0,3.414141414141441,1873.0
291,97.0,1930.0,17.555555555555564,1873.0
292,97.0,2001.0,3.2121212121211755,1873.0
293,97.0,1956.0,12.303030303030333,1873.0
294,98.0,2019.0,-0.42424242424244163,1873.0
295,98.0,1953.0,12.909090909090942,1873.0
296,98.0,1997.0,4.020202020202055,1873.0
297,99.0,2038.0,-4.262626262626288,1873.0
298,99.0,1935.0,16.54545454545456,1873.0
299,99.0,1957.0,12.101010101010106,1873.0
300,100.0,2032.0,-3.050505050505036,1873.0
301,100.0,1953.0,12.909090909090889,1873.0
302,100.0,2059.0,-8.505050505050518,1873.0
303,101.0,1978.0,7.858585858585883,1873.0
304,101.0,2029.0,-2.4444444444444358,1873.0
305,101.0,1934.0,16.747474747474733,1873.0
306,102.0,1979.0,7.656565656565691,1873.0
307,102.0,1974.0,8.666666666666636,1873.0
308,102.0,1966.0,10.282828282828323,1873.0
309,103.0,1947.0,14.121212121212118,1873.0
310,103.0,1902.0,23.212121212121243,1873.0
311,103.0,1946.0,14.323232323232347,1873.0
312,104.0,1970.0,9.474747474747476,1873.0
313,104.0,1969.0,9.676767676767646,1873.0
314,104.0,1932.0,17.151515151515156,1873.0
315,105.0,2067.0,-10.121212121212114,1873.0
316,105.0,1971.0,9.272727272727282,1873.0
317,105.0,1900.0,23.616161616161616,1873.0
318,106.0,1913.0,20.98989898989899,1873.0
319,106.0,1890.0,25.63636363636367,1873.0
320,106.0,2070.0,-10.727272727272714,1873.0
321,107.0,1934.0,16.747474747474786,1873.0
322,107.0,1952.0,13.111111111111114,1873.0
323,107.0,1906.0,22.404040404040423,1873.0
324,108.0,1971.0,9.272727272727263,1873.0
325,108.0,1925.0,18.565656565656592,1873.0
326,108.0,1963.0,10.888888888888866,1873.0
327,109.0,2010.0,1.3939393939393732,1873.0
328,109.0,1997.0,4.020202020202045,1873.0
329,109.0,1967.0,10.08080808080808,1873.0
330,110.0,1965.0,10.484848484848523,1873.0
331,110.0,1942.0,15.131313131313156,1873.0
332,110.0,1892.0,25.23232323232328,1873.0
333,111.0,1990.0,5.434343434343364,1873.0
334,111.0,1876.0,28.4646464646464,1873.0
335,111.0,1994.0,4.626262626262639,1873.0
336,112.0,1961.0,11.29292929292927,1873.0
337,112.0,2003.0,2.8080808080808097,1873.0
338,112.0,1942.0,15.131313131313156,1873.0
339,113.0,2032.0,-3.0505050505050324,1873.0
340,113.0,1955.0,12.505050505050496,1873.0
341,113.0,1970.0,9.474747474747472,1873.0
342,114.0,1949.0,13.717171717171734,1873.0
343,114.0,1937.0,16.141414141414135,1873.0
344,114.0,1942.0,15.131313131313116,1873.0
345,115.0,1949.0,13.717171717171679,1873.0
346,115.0,1956.0,12.303030303030315,1873.0
347,115.0,2013.0,0.7878787878788138,1873.0
348,116.0,1919.0,19.7777777777778,1873.0
349,116.0,1886.0,26.44444444444448,1873.0
350,116.0,1965.0,10.484848484848555,1873.0
351,117.0,2012.0,0.9898989898990269,1873.0
352,117.0,1965.0,10.48484848484846,1873.0
353,117.0,2012.0,0.9898989898989594,1873.0
354,118.0,2003.0,2.808080808080849,1873.0
355,118.0,1994.0,4.626262626262644,1873.0
356,118.0,2025.0,-1.6363636363636278,1873.0
357,119.0,1935.0,16.545454545454543,1873.0
358,119.0,1956.0,12.303030303030294,1873.0
359,119.0,1914.0,20.787878787878853,1873.0
360,120.0,1948.0,13.91919191919195,1873.0
361,120.0,1923.0,18.96969696969701,1873.0
362,120.0,1990.0,5.4343434343434,1873.0
363,121.0,1930.0,17.555555555555554,1873.0
364,121.0,2000.0,3.4141414141414206,1873.0
365,121.0,1952.0,13.111111111111079,1873.0
366,122.0,1941.0,15.333333333333353,1873.0
367,122.0,2019.0,-0.42424242424244696,1873.0
368,122.0,1957.0,12.101010101010086,1873.0
369,123.0,1967.0,10.080808080808094,1873.0
370,123.0,2065.0,-9.71717171717172,1873.0
371,123.0,2090.0,-14.767676767676775,1873.0
372,124.0,1911.0,21.393939393939363,1873.0
373,124.0,1995.0,4.424242424242458,1873.0
374,124.0,1953.0,12.909090909090924,1873.0
375,125.0,1976.0,8.26262626262623,1873.0
376,125.0,2008.0,1.7979797979797798,1873.0
377,125.0,1961.0,11.29292929292927,1873.0
378,126.0,1992.0,5.030303030303017,1873.0
379,126.0,1990.0,5.4343434343434325,1873.0
380,126.0,1958.0,11.898989898989901,1873.0
381,127.0,1966.0,10.282828282828259,1873.0
382,127.0,2003.0,2.808080808080849,1873.0
383,127.0,1937.0,16.141414141414195,1873.0
384,128.0,1959.0,11.696969696969699,1873.0
385,128.0,1908.0,22.00000000000002,1873.0
386,128.0,1950.0,13.515151515151505,1873.0
387,129.0,1911.0,21.393939393939416,1873.0
388,129.0,1915.0,20.585858585858574,1873.0
389,129.0,1973.0,8.868686868686861,1873.0
390,130.0,2004.0,2.6060606060605878,1873.0
391,130.0,1948.0,13.919191919191896,1873.0
392,130.0,1912.0,21.19191919191918,1873.0
393,131.0,2021.0,-0.8282828282827914,1873.0
394,131.0,1887.0,26.242424242424224,1873.0
395,131.0,1884.0,26.848484848484837,1873.0
396,132.0,2078.0,-12.34343434343436,1873.0
397,132.0,1936.0,16.343434343434364,1873.0
398,132.0,2004.0,2.606060606060609,1873.0
399,133.0,1883.0,27.050505050505055,1873.0
400,133.0,1991.0,5.232323232323273,1873.0
401,133.0,2025.0,-1.6363636363636607,1873.0
402,134.0,1942.0,15.131313131313108,1873.0
403,134.0,2020.0,-0.6262626262626654,1873.0
404,134.0,2018.0,-0.2222222222222392,1873.0
405,135.0,1970.0,9.474747474747542,1873.0
406,135.0,2133.0,-23.454545454545475,1873.0
407,135.0,1940.0,15.535353535353515,1873.0
408,136.0,1923.0,18.969696969697004,1873.0
409,136.0,2005.0,2.404040404040364,1873.0
410,136.0,1968.0,9.878787878787914,1873.0
411,137.0,1999.0,3.616161616161598,1873.0
412,137.0,1900.0,23.616161616161605,1873.0
413,137.0,1949.0,13.717171717171727,1873.0
414,138.0,1957.0,12.101010101010065,1873.0
415,138.0,2122.0,-21.232323232323203,1873.0
416,138.0,1986.0,6.24242424242423,1873.0
417,139.0,2009.0,1.595959595959613,1873.0
418,139.0,1968.0,9.878787878787904,1873.0
419,139.0,1950.0,13.515151515151512,1873.0
420,140.0,1997.0,4.020202020202001,1873.0
421,140.0,2049.0,-6.4848484848484915,1873.0
422,140.0,1914.0,20.78787878787879,1873.0
423,141.0,1930.0,17.555555555555557,1873.0
424,141.0,1857.0,32.3030303030303,1857.0
425,141.0,1883.0,27.05050505050505,1857.0
426,142.0,2018.0,-0.22222222222224808,1857.0
427,142.0,2082.0,-13.151515151515131,1857.0
428,142.0,1975.0,8.464646464646513,1857.0
429,143.0,2021.0,-0.8282828282828341,1857.0
430,143.0,1995.0,4.4242424242424505,1857.0
431,143.0,1954.0,12.707070707070722,1857.0
432,144.0,2003.0,2.8080808080808097,1857.0
433,144.0,1976.0,8.262626262626267,1857.0
434,144.0,1981.0,7.252525252525262,1857.0
435,145.0,1960.0,11.494949494949498,1857.0
436,145.0,2019.0,-0.4242424242424274,1857.0
437,145.0,1934.0,16.747474747474747,1857.0
438,146.0,1987.0,6.040404040404094,1857.0
439,146.0,1987.0,6.040404040404091,1857.0
440,146.0,1972.0,9.070707070707046,1857.0
441,147.0,1994.0,4.626262626262568,1857.0
442,147.0,1960.0,11.494949494949442,1857.0
443,147.0,1998.0,3.8181818181817873,1857.0
444,148.0,1883.0,27.05050505050506,1857.0
445,148.0,1912.0,21.19191919191922,1857.0
446,148.0,2036.0,-3.8585858585858066,1857.0
447,149.0,1917.0,20.18181818181816,1857.0
448,149.0,1913.0,20.989898989899,1857.0
449,149.0,1970.0,9.474747474747456,1857.0
450,150.0,1934.0,16.747474747474683,1857.0
451,150.0,1944.0,14.727272727272705,1857.0
452,150.0,1912.0,21.191919191919183,1857.0
453,151.0,1912.0,21.191919191919233,1857.0
454,151.0,2029.0,-2.444444444444464,1857.0
455,151.0,2006.0,2.202020202020254,1857.0
456,152.0,1966.0,10.282828282828262,1857.0
457,152.0,1940.0,15.535353535353583,1857.0
458,152.0,1998.0,3.8181818181818095,1857.0
459,153.0,2015.0,0.38383838383839475,1857.0
460,153.0,1994.0,4.6262626262626245,1857.0
461,153.0,1960.0,11.494949494949504,1857.0
462,154.0,1922.0,19.171717171717173,1857.0
463,154.0,1994.0,4.62626262626266,1857.0
464,154.0,1917.0,20.181818181818223,1857.0
465,155.0,2097.0,-16.181818181818166,1857.0
466,155.0,1978.0,7.858585858585853,1857.0
467,155.0,1942.0,15.131313131313107,1857.0
468,156.0,1993.0,4.828282828282802,1857.0
469,156.0,2077.0,-12.14141414141408,1857.0
470,156.0,1911.0,21.393939393939398,1857.0
471,157.0,1976.0,8.26262626262627,1857.0
472,157.0,1956.0,12.303030303030312,1857.0
473,157.0,1842.0,35.333333333333364,1842.0
474,158.0,2027.0,-2.0404040404040327,1842.0
475,158.0,1864.0,30.88888888888885,1842.0
476,158.0,1986.0,6.2424242424242316,1842.0
477,159.0,1932.0,17.151515151515145,1842.0
478,159.0,1919.0,19.77777777777779,1842.0
479,159.0,1947.0,14.121212121212112,1842.0
480,160.0,1966.0,10.282828282828303,1842.0
481,160.0,1982.0,7.050505050505032,1842.0
482,160.0,2013.0,0.7878787878788245,1842.0
483,161.0,1997.0,4.020202020202037,1842.0
484,161.0,2009.0,1.5959595959595854,1842.0
485,161.0,1994.0,4.626262626262637,1842.0
486,162.0,1871.0,29.474747474747517,1842.0
487,162.0,1937.0,16.141414141414153,1842.0
488,162.0,2048.0,-6.282828282828303,1842.0
489,163.0,1961.0,11.292929292929283,1842.0
490,163.0,2121.0,-21.030303030303,1842.0
491,163.0,2022.0,-1.0303030303030614,1842.0
492,164.0,1975.0,8.464646464646473,1842.0
493,164.0,1943.0,14.929292929292941,1842.0
494,164.0,1957.0,12.101010101010111,1842.0
495,165.0,2006.0,2.202020202020183,1842.0
496,165.0,1941.0,15.333333333333348,1842.0
497,165.0,2000.0,3.4141414141414783,1842.0
498,166.0,1912.0,21.191919191919208,1842.0
499,166.0,1998.0,3.818181818181844,1842.0
500,166.0,1954.0,12.707070707070713,1842.0
501,167.0,1998.0,3.818181818181829,1842.0
502,167.0,1922.0,19.17171717171718,1842.0
503,167.0,1898.0,24.020202020202063,1842.0
504,168.0,1910.0,21.59595959595959,1842.0
505,168.0,1880.0,27.656565656565633,1842.0
506,168.0,1940.0,15.535353535353604,1842.0
507,169.0,1925.0,18.56565656565654,1842.0
508,169.0,1974.0,8.66666666666663,1842.0
509,169.0,1894.0,24.828282828282898,1842.0
510,170.0,1951.0,13.313131313131295,1842.0
511,170.0,2053.0,-7.292929292929305,1842.0
512,170.0,1976.0,8.262626262626256,1842.0
513,171.0,1968.0,9.87878787878787,1842.0
514,171.0,1950.0,13.515151515151548,1842.0
515,171.0,1953.0,12.90909090909093,1842.0
516,172.0,1978.0,7.85858585858591,1842.0
517,172.0,1916.0,20.383838383838395,1842.0
518,172.0,1991.0,5.232323232323272,1842.0
519,173.0,1862.0,31.292929292929333,1842.0
520,173.0,1996.0,4.222222222222197,1842.0
521,173.0,2049.0,-6.484848484848448,1842.0
522,174.0,2044.0,-5.4747474747475025,1842.0
523,174.0,2019.0,-0.4242424242424523,1842.0
524,174.0,1968.0,9.878787878787893,1842.0
525,175.0,1902.0,23.21212121212124,1842.0
526,175.0,1917.0,20.18181818181812,1842.0
527,175.0,1850.0,33.717171717171716,1842.0
528,176.0,2046.0,-5.87878787878787,1842.0
529,176.0,1943.0,14.929292929292911,1842.0
530,176.0,2057.0,-8.10101010101007,1842.0
531,177.0,2088.0,-14.36363636363634,1842.0
532,177.0,2025.0,-1.6363636363636136,1842.0
533,177.0,2050.0,-6.686868686868644,1842.0
534,178.0,1997.0,4.0202020202020705,1842.0
535,178.0,2042.0,-5.070707070707051,1842.0
536,178.0,1969.0,9.676767676767682,1842.0
537,179.0,1931.0,17.35353535353536,1842.0
538,179.0,1889.0,25.83838383838385,1842.0
539,179.0,1903.0,23.010101010101017,1842.0
540,180.0,1909.0,21.797979797979796,1842.0
541,180.0,1984.0,6.646464646464622,1842.0
542,180.0,1888.0,26.040404040404074,1842.0
543,181.0,1991.0,5.23232323232325,1842.0
544,181.0,1966.0,10.282828282828309,1842.0
545,181.0,1933.0,16.949494949494984,1842.0
546,182.0,2006.0,2.20202020202022,1842.0
547,182.0,1868.0,30.080808080808083,1842.0
548,182.0,1896.0,24.424242424242472,1842.0
549,183.0,1897.0,24.22222222222222,1842.0
550,183.0,1885.0,26.646464646464636,1842.0
551,183.0,2140.0,-24.868686868686865,1842.0
552,184.0,2062.0,-9.111111111111141,1842.0
553,184.0,2017.0,-0.02020202020198525,1842.0
554,184.0,1945.0,14.525252525252478,1842.0
555,185.0,1921.0,19.373737373737384,1842.0
556,185.0,1919.0,19.77777777777778,1842.0
557,185.0,1965.0,10.484848484848502,1842.0
558,186.0,2027.0,-2.0404040404040646,1842.0
559,186.0,1874.0,28.868686868686936,1842.0
560,186.0,1933.0,16.94949494949496,1842.0
561,187.0,1873.0,29.070707070707076,1842.0
562,187.0,2037.0,-4.060606060606048,1842.0
563,187.0,1980.0,7.454545454545493,1842.0
564,188.0,1942.0,15.131313131313096,1842.0
565,188.0,1944.0,14.727272727272728,1842.0
566,188.0,1956.0,12.303030303030312,1842.0
567,189.0,1999.0,3.6161616161615893,1842.0
568,189.0,1976.0,8.262626262626316,1842.0
569,189.0,2135.0,-23.858585858585855,1842.0
570,190.0,1938.0,15.939393939393966,1842.0
571,190.0,1922.0,19.171717171717198,1842.0
572,190.0,2039.0,-4.4646464646464405,1842.0
573,191.0,1985.0,6.444444444444445,1842.0
574,191.0,1891.0,25.43434343434346,1842.0
575,191.0,1921.0,19.373737373737402,1842.0
576,192.0,1942.0,15.131313131313167,1842.0
577,192.0,2025.0,-1.6363636363636207,1842.0
578,192.0,1988.0,5.8383838383838516,1842.0
579,193.0,1903.0,23.010101010100996,1842.0
580,193.0,1954.0,12.70707070707075,1842.0
581,193.0,1963.0,10.888888888888935,1842.0
582,194.0,2005.0,2.4040404040404253,1842.0
583,194.0,1961.0,11.292929292929259,1842.0
584,194.0,1888.0,26.04040404040405,1842.0
585,195.0,2051.0,-6.888888888888864,1842.0
586,195.0,2033.0,-3.252525252525224,1842.0
587,195.0,2019.0,-0.4242424242424363,1842.0
588,196.0,1997.0,4.020202020202051,1842.0
589,196.0,1974.0,8.666666666666636,1842.0
590,196.0,1999.0,3.616161616161615,1842.0
591,197.0,1981.0,7.25252525252525,1842.0
592,197.0,2050.0,-6.686868686868646,1842.0
593,197.0,2002.0,3.010101010101028,1842.0
594,198.0,2012.0,0.9898989898989807,1842.0
595,198.0,1890.0,25.63636363636364,1842.0
596,198.0,1954.0,12.707070707070711,1842.0
597,199.0,1951.0,13.313131313131375,1842.0
598,199.0,1957.0,12.101010101010132,1842.0
599,199.0,1934.0,16.747474747474747,1842.0
600,200.0,1914.0,20.787878787878803,1842.0
601,200.0,1888.0,26.04040404040407,1842.0
602,200.0,1990.0,5.434343434343441,1842.0
603,201.0,1921.0,19.373737373737377,1842.0
604,201.0,2001.0,3.212121212121234,1842.0
605,201.0,1925.0,18.565656565656564,1842.0
606,202.0,1955.0,12.505050505050487,1842.0
607,202.0,2007.0,2.000000000000016,1842.0
608,202.0,1977.0,8.060606060606077,1842.0
609,203.0,1985.0,6.444444444444443,1842.0
610,203.0,1916.0,20.38383838383841,1842.0
611,203.0,1896.0,24.42424242424239,1842.0
612,204.0,1952.0,13.11111111111111,1842.0
613,204.0,2005.0,2.404040404040403,1842.0
614,204.0,1940.0,15.53535353535353,1842.0
615,205.0,2026.0,-1.8383838383838338,1842.0
616,205.0,1985.0,6.4444444444444455,1842.0
617,205.0,1876.0,28.46464646464647,1842.0
618,206.0,1899.0,23.81818181818178,1842.0
619,206.0,1993.0,4.828282828282848,1842.0
620,206.0,2028.0,-2.242424242424236,1842.0
621,207.0,1947.0,14.121212121212157,1842.0
622,207.0,1937.0,16.141414141414167,1842.0
623,207.0,1859.0,31.898989898989896,1842.0
624,208.0,1928.0,17.95959595959602,1842.0
625,208.0,1942.0,15.131313131313089,1842.0
626,208.0,1943.0,14.92929292929292,1842.0
627,209.0,1936.0,16.34343434343431,1842.0
628,209.0,1952.0,13.111111111111128,1842.0
629,209.0,1965.0,10.484848484848492,1842.0
630,210.0,1925.0,18.565656565656596,1842.0
631,210.0,2023.0,-1.2323232323232194,1842.0
632,210.0,1981.0,7.252525252525224,1842.0
633,211.0,1974.0,8.666666666666687,1842.0
634,211.0,1903.0,23.010101010101017,1842.0
635,211.0,2001.0,3.212121212121187,1842.0
636,212.0,1931.0,17.353535353535396,1842.0
637,212.0,1941.0,15.333333333333364,1842.0
638,212.0,1982.0,7.050505050505063,1842.0
639,213.0,2062.0,-9.11111111111105,1842.0
640,213.0,1916.0,20.38383838383836,1842.0
641,213.0,1870.0,29.676767676767703,1842.0
642,214.0,1964.0,10.686868686868717,1842.0
643,214.0,2004.0,2.60606060606061,1842.0
644,214.0,1971.0,9.272727272727284,1842.0
645,215.0,2080.0,-12.747474747474746,1842.0
646,215.0,1998.0,3.8181818181818032,1842.0
647,215.0,1960.0,11.494949494949507,1842.0
648,216.0,1934.0,16.747474747474776,1842.0
649,216.0,1925.0,18.565656565656546,1842.0
650,216.0,1962.0,11.090909090909106,1842.0
651,217.0,1994.0,4.626262626262648,1842.0
652,217.0,1961.0,11.292929292929323,1842.0
653,217.0,1938.0,15.939393939393973,1842.0
654,218.0,1891.0,25.43434343434341,1842.0
655,218.0,2009.0,1.595959595959652,1842.0
656,218.0,1954.0,12.707070707070741,1842.0
657,219.0,1996.0,4.22222222222223,1842.0
658,219.0,1902.0,23.212121212121232,1842.0
659,219.0,1948.0,13.919191919191967,1842.0
660,220.0,1999.0,3.6161616161616266,1842.0
661,220.0,1998.0,3.8181818181818645,1842.0
662,220.0,2003.0,2.8080808080808204,1842.0
663,221.0,1973.0,8.868686868686883,1842.0
664,221.0,1924.0,18.767676767676754,1842.0
665,221.0,1894.0,24.82828282828289,1842.0
666,222.0,2025.0,-1.6363636363636118,1842.0
667,222.0,1973.0,8.868686868686897,1842.0
668,222.0,1970.0,9.474747474747474,1842.0
669,223.0,1891.0,25.434343434343464,1842.0
670,223.0,2001.0,3.2121212121212395,1842.0
671,223.0,2010.0,1.3939393939393856,1842.0
672,224.0,1982.0,7.050505050505098,1842.0
673,224.0,1970.0,9.474747474747495,1842.0
674,224.0,1889.0,25.838383838383827,1842.0
675,225.0,1853.0,33.111111111111114,1842.0
676,225.0,1945.0,14.525252525252535,1842.0
677,225.0,1933.0,16.949494949495005,1842.0
678,226.0,1929.0,17.7575757575758,1842.0
679,226.0,1952.0,13.111111111111168,1842.0
680,226.0,1903.0,23.010101010101046,1842.0
681,227.0,1924.0,18.76767676767677,1842.0
682,227.0,1872.0,29.272727272727288,1842.0
683,227.0,2011.0,1.1919191919191645,1842.0
684,228.0,1983.0,6.8484848484848495,1842.0
685,228.0,1966.0,10.282828282828255,1842.0
686,228.0,1946.0,14.323232323232354,1842.0
687,229.0,1886.0,26.444444444444475,1842.0
688,229.0,1932.0,17.151515151515152,1842.0
689,229.0,1928.0,17.959595959595973,1842.0
690,230.0,1885.0,26.646464646464647,1842.0
691,230.0,1991.0,5.232323232323282,1842.0
692,230.0,1913.0,20.989898989898997,1842.0
693,231.0,2070.0,-10.727272727272698,1842.0
694,231.0,1906.0,22.404040404040387,1842.0
695,231.0,1969.0,9.676767676767646,1842.0
696,232.0,2054.0,-7.4949494949495055,1842.0
697,232.0,1930.0,17.555555555555554,1842.0
698,232.0,1893.0,25.030303030303063,1842.0
699,233.0,1939.0,15.737373737373769,1842.0
700,233.0,2018.0,-0.22222222222224186,1842.0
701,233.0,1925.0,18.565656565656596,1842.0
702,234.0,1898.0,24.02020202020202,1842.0
703,234.0,1973.0,8.86868686868684,1842.0
704,234.0,2006.0,2.2020202020201936,1842.0
705,235.0,1963.0,10.888888888888907,1842.0
706,235.0,1890.0,25.63636363636364,1842.0
707,235.0,1961.0,11.292929292929287,1842.0
708,236.0,1887.0,26.242424242424285,1842.0
709,236.0,2009.0,1.5959595959595934,1842.0
710,236.0,1911.0,21.39393939393947,1842.0
711,237.0,1969.0,9.676767676767675,1842.0
712,237.0,1929.0,17.757575757575744,1842.0
713,237.0,1950.0,13.515151515151572,1842.0
714,238.0,2021.0,-0.8282828282828127,1842.0
715,238.0,2021.0,-0.8282828282827763,1842.0
716,238.0,2026.0,-1.8383838383838036,1842.0
717,239.0,1927.0,18.161616161616188,1842.0
718,239.0,2032.0,-3.050505050505042,1842.0
719,239.0,1976.0,8.262626262626247,1842.0
720,240.0,1933.0,16.949494949494923,1842.0
721,240.0,1887.0,26.24242424242427,1842.0
722,240.0,1895.0,24.626262626262644,1842.0
723,241.0,1972.0,9.07070707070706,1842.0
724,241.0,1922.0,19.171717171717223,1842.0
725,241.0,2015.0,0.38383838383840985,1842.0
726,242.0,1948.0,13.919191919191963,1842.0
727,242.0,1965.0,10.484848484848523,1842.0
728,242.0,1976.0,8.262626262626311,1842.0
729,243.0,1878.0,28.060606060606105,1842.0
730,243.0,2024.0,-1.4343434343434325,1842.0
731,243.0,1918.0,19.979797979798004,1842.0
732,244.0,1938.0,15.939393939393971,1842.0
733,244.0,2008.0,1.7979797979798118,1842.0
734,244.0,1933.0,16.94949494949499,1842.0
735,245.0,1981.0,7.252525252525272,1842.0
736,245.0,1877.0,28.262626262626295,1842.0
737,245.0,1976.0,8.262626262626263,1842.0
738,246.0,1965.0,10.484848484848571,1842.0
739,246.0,1897.0,24.222222222222225,1842.0
740,246.0,1915.0,20.585858585858567,1842.0
741,247.0,1961.0,11.292929292929283,1842.0
742,247.0,1930.0,17.555555555555543,1842.0
743,247.0,1937.0,16.14141414141412,1842.0
744,248.0,1993.0,4.828282828282852,1842.0
745,248.0,1867.0,30.282828282828294,1842.0
746,248.0,1968.0,9.878787878787865,1842.0
747,249.0,1942.0,15.131313131313135,1842.0
748,249.0,1943.0,14.929292929292963,1842.0
749,249.0,1907.0,22.202020202020208,1842.0
750,250.0,2075.0,-11.737373737373746,1842.0
751,250.0,1947.0,14.121212121212087,1842.0
752,250.0,1884.0,26.848484848484844,1842.0
753,251.0,1934.0,16.74747474747471,1842.0
754,251.0,1927.0,18.161616161616166,1842.0
755,251.0,1960.0,11.494949494949477,1842.0
756,252.0,1915.0,20.585858585858613,1842.0
757,252.0,1985.0,6.444444444444468,1842.0
758,252.0,1899.0,23.818181818181806,1842.0
759,253.0,1920.0,19.575757575757564,1842.0
760,253.0,1934.0,16.747474747474726,1842.0
761,253.0,1863.0,31.0909090909091,1842.0
762,254.0,1911.0,21.39393939393939,1842.0
763,254.0,1911.0,21.393939393939387,1842.0
764,254.0,1990.0,5.434343434343408,1842.0
765,255.0,1970.0,9.474747474747474,1842.0
766,255.0,1913.0,20.989898989898975,1842.0
767,255.0,1993.0,4.828282828282825,1842.0
768,256.0,2095.0,-15.777777777777784,1842.0
769,256.0,1988.0,5.8383838383837965,1842.0
770,256.0,1992.0,5.030303030303024,1842.0
771,257.0,1900.0,23.616161616161634,1842.0
772,257.0,1918.0,19.979797979797958,1842.0
773,257.0,1905.0,22.60606060606065,1842.0
774,258.0,1920.0,19.575757575757624,1842.0
775,258.0,2022.0,-1.0303030303030365,1842.0
776,258.0,2009.0,1.5959595959596378,1842.0
777,259.0,1932.0,17.15151515151515,1842.0
778,259.0,1853.0,33.11111111111111,1842.0
779,259.0,1954.0,12.707070707070699,1842.0
780,260.0,1927.0,18.161616161616216,1842.0
781,260.0,1878.0,28.060606060606077,1842.0
782,260.0,1976.0,8.262626262626302,1842.0
783,261.0,1889.0,25.838383838383855,1842.0
784,261.0,1988.0,5.838383838383805,1842.0
785,261.0,1883.0,27.050505050505052,1842.0
786,262.0,1944.0,14.727272727272771,1842.0
787,262.0,1995.0,4.424242424242429,1842.0
788,262.0,1969.0,9.676767676767701,1842.0
789,263.0,1978.0,7.8585858585858315,1842.0
790,263.0,1921.0,19.373737373737363,1842.0
791,263.0,1942.0,15.13131313131307,1842.0
792,264.0,1976.0,8.262626262626267,1842.0
793,264.0,2054.0,-7.494949494949498,1842.0
794,264.0,1974.0,8.666666666666655,1842.0
795,265.0,2086.0,-13.959595959595951,1842.0
796,265.0,1932.0,17.151515151515127,1842.0
797,265.0,1966.0,10.282828282828355,1842.0
798,266.0,1888.0,26.04040404040405,1842.0
799,266.0,2009.0,1.595959595959612,1842.0
800,266.0,1965.0,10.484848484848463,1842.0
801,267.0,2035.0,-3.6565656565656326,1842.0
802,267.0,1941.0,15.333333333333318,1842.0
803,267.0,1925.0,18.56565656565659,1842.0
804,268.0,1975.0,8.464646464646457,1842.0
805,268.0,1963.0,10.888888888888879,1842.0
806,268.0,1981.0,7.252525252525221,1842.0
807,269.0,1904.0,22.80808080808081,1842.0
808,269.0,1973.0,8.868686868686897,1842.0
809,269.0,1948.0,13.919191919191924,1842.0
810,270.0,1940.0,15.535353535353561,1842.0
811,270.0,2006.0,2.2020202020202273,1842.0
812,270.0,1969.0,9.676767676767671,1842.0
813,271.0,2010.0,1.3939393939394034,1842.0
814,271.0,1983.0,6.8484848484848655,1842.0
815,271.0,1914.0,20.78787878787879,1842.0
816,272.0,1883.0,27.05050505050507,1842.0
817,272.0,1889.0,25.838383838383887,1842.0
818,272.0,1961.0,11.292929292929287,1842.0
819,273.0,1987.0,6.0404040404040416,1842.0
820,273.0,2007.0,2.0000000000000195,1842.0
821,273.0,1900.0,23.616161616161655,1842.0
822,274.0,1937.0,16.14141414141412,1842.0
823,274.0,1881.0,27.454545454545478,1842.0
824,274.0,1947.0,14.121212121212096,1842.0
825,275.0,1950.0,13.515151515151594,1842.0
826,275.0,1912.0,21.191919191919226,1842.0
827,275.0,1917.0,20.181818181818194,1842.0
828,276.0,1926.0,18.363636363636402,1842.0
829,276.0,1972.0,9.07070707070712,1842.0
830,276.0,1887.0,26.24242424242422,1842.0
831,277.0,1960.0,11.494949494949495,1842.0
832,277.0,1928.0,17.959595959595962,1842.0
833,277.0,1946.0,14.323232323232332,1842.0
834,278.0,1900.0,23.61616161616164,1842.0
835,278.0,1962.0,11.09090909090908,1842.0
836,278.0,1893.0,25.030303030303042,1842.0
837,279.0,1949.0,13.717171717171723,1842.0
838,279.0,1954.0,12.707070707070727,1842.0
839,279.0,1978.0,7.858585858585817,1842.0
840,280.0,1923.0,18.96969696969701,1842.0
841,280.0,2013.0,0.7878787878788547,1842.0
842,280.0,1996.0,4.222222222222227,1842.0
843,281.0,1926.0,18.363636363636374,1842.0
844,281.0,1888.0,26.040404040404034,1842.0
845,281.0,1936.0,16.343434343434375,1842.0
846,282.0,1973.0,8.868686868686858,1842.0
847,282.0,1915.0,20.585858585858617,1842.0
848,282.0,1944.0,14.727272727272712,1842.0
849,283.0,1897.0,24.222222222222236,1842.0
850,283.0,1908.0,21.999999999999996,1842.0
851,283.0,1964.0,10.686868686868658,1842.0
852,284.0,1911.0,21.393939393939363,1842.0
853,284.0,1937.0,16.141414141414124,1842.0
854,284.0,1911.0,21.393939393939384,1842.0
855,285.0,2043.0,-5.272727272727282,1842.0
856,285.0,1933.0,16.949494949494973,1842.0
857,285.0,2011.0,1.1919191919191867,1842.0
858,286.0,1925.0,18.565656565656596,1842.0
859,286.0,1869.0,29.87878787878791,1842.0
860,286.0,1897.0,24.22222222222222,1842.0
861,287.0,1883.0,27.050505050505066,1842.0
862,287.0,1954.0,12.707070707070685,1842.0
863,287.0,1992.0,5.030303030303072,1842.0
864,288.0,1938.0,15.939393939393952,1842.0
865,288.0,1924.0,18.767676767676775,1842.0
866,288.0,1991.0,5.2323232323232,1842.0
867,289.0,1996.0,4.222222222222234,1842.0
868,289.0,1911.0,21.393939393939394,1842.0
869,289.0,1912.0,21.191919191919204,1842.0
870,290.0,1935.0,16.545454545454525,1842.0
871,290.0,2064.0,-9.515151515151501,1842.0
872,290.0,1987.0,6.04040404040405,1842.0
873,291.0,1996.0,4.222222222222253,1842.0
874,291.0,1853.0,33.111111111111114,1842.0
875,291.0,1940.0,15.53535353535351,1842.0
876,292.0,1957.0,12.10101010101012,1842.0
877,292.0,1885.0,26.646464646464626,1842.0
878,292.0,1916.0,20.38383838383841,1842.0
879,293.0,1958.0,11.898989898989898,1842.0
880,293.0,2040.0,-4.6666666666666465,1842.0
881,293.0,1910.0,21.595959595959627,1842.0
882,294.0,1925.0,18.565656565656596,1842.0
883,294.0,2041.0,-4.868686868686911,1842.0
884,294.0,1937.0,16.14141414141414,1842.0
885,295.0,1996.0,4.2222222222222445,1842.0
886,295.0,2013.0,0.7878787878788192,1842.0
887,295.0,1977.0,8.060606060606103,1842.0
888,296.0,1967.0,10.080808080808104,1842.0
889,296.0,1971.0,9.272727272727298,1842.0
890,296.0,1989.0,5.636363636363672,1842.0
891,297.0,1989.0,5.636363636363679,1842.0
892,297.0,1976.0,8.262626262626256,1842.0
893,297.0,1958.0,11.8989898989899,1842.0
894,298.0,1860.0,31.696969696969724,1842.0
895,298.0,1917.0,20.181818181818212,1842.0
896,298.0,1925.0,18.56565656565656,1842.0
897,299.0,2019.0,-0.4242424242424061,1842.0
898,299.0,1920.0,19.575757575757603,1842.0
899,299.0,1945.0,14.52525252525258,1842.0
900,300.0,2007.0,2.0000000000000018,1842.0
901,300.0,1911.0,21.393939393939434,1842.0
902,300.0,1958.0,11.898989898989957,1842.0
903,301.0,1929.0,17.75757575757579,1842.0
904,301.0,1991.0,5.232323232323235,1842.0
905,301.0,1922.0,19.171717171717162,1842.0
906,302.0,1944.0,14.727272727272757,1842.0
907,302.0,1944.0,14.727272727272776,1842.0
908,302.0,1964.0,10.686868686868685,1842.0
909,303.0,2009.0,1.595959595959588,1842.0
910,303.0,1913.0,20.989898989899018,1842.0
911,303.0,1932.0,17.151515151515166,1842.0
912,304.0,1982.0,7.050505050505041,1842.0
913,304.0,1988.0,5.838383838383892,1842.0
914,304.0,1975.0,8.464646464646432,1842.0
915,305.0,2048.0,-6.282828282828278,1842.0
916,305.0,1895.0,24.62626262626265,1842.0
917,305.0,1927.0,18.161616161616156,1842.0
918,306.0,1982.0,7.0505050505050795,1842.0
919,306.0,1936.0,16.343434343434364,1842.0
920,306.0,2003.0,2.808080808080817,1842.0
921,307.0,1913.0,20.989898989898954,1842.0
922,307.0,1890.0,25.636363636363654,1842.0
923,307.0,1924.0,18.767676767676765,1842.0
924,308.0,1970.0,9.474747474747502,1842.0
925,308.0,1902.0,23.212121212121215,1842.0
926,308.0,1909.0,21.79797979797982,1842.0
927,309.0,1982.0,7.050505050505061,1842.0
928,309.0,2014.0,0.5858585858585688,1842.0
929,309.0,1941.0,15.333333333333393,1842.0
930,310.0,1923.0,18.969696969696983,1842.0
931,310.0,1958.0,11.898989898989955,1842.0
932,310.0,2023.0,-1.2323232323232123,1842.0
933,311.0,1964.0,10.686868686868664,1842.0
934,311.0,1984.0,6.646464646464636,1842.0
935,311.0,1974.0,8.666666666666712,1842.0
936,312.0,2005.0,2.404040404040405,1842.0
937,312.0,1944.0,14.72727272727275,1842.0
938,312.0,1911.0,21.393939393939384,1842.0
939,313.0,2020.0,-0.6262626262625961,1842.0
940,313.0,1907.0,22.20202020202019,1842.0
941,313.0,1996.0,4.222222222222273,1842.0
942,314.0,1908.0,22.00000000000001,1842.0
943,314.0,1997.0,4.0202020202020226,1842.0
944,314.0,1983.0,6.848484848484858,1842.0
945,315.0,1960.0,11.494949494949498,1842.0
946,315.0,1918.0,19.979797979797986,1842.0
947,315.0,1953.0,12.909090909090889,1842.0
948,316.0,1915.0,20.585858585858603,1842.0
949,316.0,1917.0,20.18181818181818,1842.0
950,316.0,1920.0,19.575757575757574,1842.0
951,317.0,2123.0,-21.434343434343436,1842.0
952,317.0,1970.0,9.474747474747549,1842.0
953,317.0,2004.0,2.6060606060605895,1842.0
954,318.0,1866.0,30.484848484848495,1842.0
955,318.0,1983.0,6.848484848484871,1842.0
956,318.0,2005.0,2.4040404040404244,1842.0
957,319.0,1931.0,17.353535353535342,1842.0
958,319.0,1949.0,13.71717171717173,1842.0
959,319.0,1949.0,13.717171717171762,1842.0
960,320.0,2007.0,2.000000000000016,1842.0
961,320.0,1971.0,9.272727272727316,1842.0
962,320.0,1983.0,6.8484848484848815,1842.0
963,321.0,1940.0,15.535353535353574,1842.0
964,321.0,1997.0,4.0202020202020226,1842.0
965,321.0,1975.0,8.464646464646464,1842.0
966,322.0,1959.0,11.696969696969692,1842.0
967,322.0,1959.0,11.69696969696967,1842.0
968,322.0,1943.0,14.92929292929293,1842.0
969,323.0,1959.0,11.696969696969683,1842.0
970,323.0,1946.0,14.323232323232354,1842.0
971,323.0,1928.0,17.959595959595987,1842.0
972,324.0,1911.0,21.39393939393942,1842.0
973,324.0,1943.0,14.929292929292941,1842.0
974,324.0,1890.0,25.636363636363676,1842.0
975,325.0,1973.0,8.868686868686904,1842.0
976,325.0,1943.0,14.929292929292952,1842.0
977,325.0,2015.0,0.3838383838384072,1842.0
978,326.0,1874.0,28.868686868686925,1842.0
979,326.0,1930.0,17.555555555555543,1842.0
980,326.0,1995.0,4.424242424242445,1842.0
981,327.0,2028.0,-2.242424242424205,1842.0
982,327.0,1986.0,6.24242424242426,1842.0
983,327.0,2002.0,3.0101010101010175,1842.0
984,328.0,1970.0,9.474747474747513,1842.0
985,328.0,1958.0,11.898989898989871,1842.0
986,328.0,1923.0,18.96969696969701,1842.0
987,329.0,1907.0,22.2020202020202,1842.0
988,329.0,1943.0,14.92929292929292,1842.0
989,329.0,1926.0,18.363636363636388,1842.0
990,330.0,1980.0,7.454545454545473,1842.0
991,330.0,1893.0,25.030303030303056,1842.0
992,330.0,1919.0,19.777777777777814,1842.0
993,331.0,1934.0,16.747474747474804,1842.0
994,331.0,1884.0,26.848484848484883,1842.0
995,331.0,1919.0,19.777777777777793,1842.0
996,332.0,1984.0,6.646464646464683,1842.0
997,332.0,1914.0,20.787878787878796,1842.0
998,332.0,1965.0,10.484848484848527,1842.0
999,333.0,1900.0,23.61616161616169,1842.0
1000,333.0,1922.0,19.171717171717205,1842.0
1001,333.0,2017.0,-0.02020202020202788,1842.0
1002,334.0,1911.0,21.39393939393942,1842.0
1003,334.0,1925.0,18.565656565656592,1842.0
1004,334.0,1895.0,24.626262626262648,1842.0
1005,335.0,1923.0,18.96969696969697,1842.0
1006,335.0,1931.0,17.353535353535385,1842.0
1007,335.0,1950.0,13.515151515151548,1842.0
1008,336.0,1968.0,9.878787878787909,1842.0
1009,336.0,1965.0,10.484848484848484,1842.0
1010,336.0,1907.0,22.20202020202024,1842.0
1011,337.0,1990.0,5.434343434343463,1842.0
1012,337.0,1908.0,22.000000000000032,1842.0
1013,337.0,1919.0,19.77777777777778,1842.0
1014,338.0,1892.0,25.232323232323246,1842.0
1015,338.0,1954.0,12.70707070707069,1842.0
1016,338.0,1940.0,15.535353535353586,1842.0
1017,339.0,1974.0,8.666666666666703,1842.0
1018,339.0,1882.0,27.25252525252526,1842.0
1019,339.0,1920.0,19.575757575757585,1842.0
1020,340.0,1963.0,10.888888888888912,1842.0
1021,340.0,1914.0,20.787878787878768,1842.0
1022,340.0,2023.0,-1.2323232323232336,1842.0
1023,341.0,1972.0,9.07070707070707,1842.0
1024,341.0,1961.0,11.292929292929315,1842.0
1025,341.0,2023.0,-1.2323232323232354,1842.0
1026,342.0,1981.0,7.2525252525252455,1842.0
1027,342.0,1948.0,13.919191919191915,1842.0
1028,342.0,1899.0,23.81818181818181,1842.0
1029,343.0,1904.0,22.808080808080827,1842.0
1030,343.0,1939.0,15.737373737373733,1842.0
1031,343.0,2011.0,1.1919191919192347,1842.0
1032,344.0,1946.0,14.323232323232336,1842.0
1033,344.0,1884.0,26.848484848484873,1842.0
1034,344.0,1916.0,20.383838383838402,1842.0
1035,345.0,1920.0,19.57575757575756,1842.0
1036,345.0,1905.0,22.60606060606057,1842.0
1037,345.0,1895.0,24.626262626262676,1842.0
1038,346.0,1944.0,14.727272727272736,1842.0
1039,346.0,1936.0,16.34343434343434,1842.0
1040,346.0,2056.0,-7.898989898989881,1842.0
1041,347.0,1891.0,25.434343434343496,1842.0
1042,347.0,1982.0,7.050505050505077,1842.0
1043,347.0,1935.0,16.545454545454533,1842.0
1044,348.0,2016.0,0.181818181818179,1842.0
1045,348.0,1845.0,34.72727272727275,1842.0
1046,348.0,1964.0,10.68686868686868,1842.0
1047,349.0,2009.0,1.5959595959595951,1842.0
1048,349.0,1906.0,22.40404040404041,1842.0
1049,349.0,1933.0,16.949494949494913,1842.0
1050,350.0,1917.0,20.18181818181816,1842.0
1051,350.0,2023.0,-1.2323232323231963,1842.0
1052,350.0,1997.0,4.020202020202035,1842.0
1053,351.0,1916.0,20.383838383838395,1842.0
1054,351.0,1965.0,10.484848484848516,1842.0
1055,351.0,1968.0,9.878787878787863,1842.0
1056,352.0,1969.0,9.67676767676766,1842.0
1057,352.0,1904.0,22.808080808080856,1842.0
1058,352.0,1914.0,20.78787878787881,1842.0
1059,353.0,1930.0,17.55555555555557,1842.0
1060,353.0,1948.0,13.919191919191949,1842.0
1061,353.0,1872.0,29.272727272727337,1842.0
1062,354.0,1975.0,8.464646464646425,1842.0
1063,354.0,1900.0,23.616161616161634,1842.0
1064,354.0,1911.0,21.3939393939394,1842.0
1065,355.0,1869.0,29.878787878787854,1842.0
1066,355.0,2048.0,-6.2828282828283015,1842.0
1067,355.0,1969.0,9.676767676767694,1842.0
1068,356.0,1998.0,3.818181818181806,1842.0
1069,356.0,1996.0,4.222222222222236,1842.0
1070,356.0,2034.0,-3.4545454545454604,1842.0
1071,357.0,1905.0,22.606060606060627,1842.0
1072,357.0,1878.0,28.060606060606073,1842.0
1073,357.0,1981.0,7.252525252525289,1842.0
1074,358.0,1938.0,15.939393939393947,1842.0
1075,358.0,1897.0,24.222222222222197,1842.0
1076,358.0,1949.0,13.717171717171723,1842.0
1077,359.0,1869.0,29.878787878787904,1842.0
1078,359.0,1946.0,14.32323232323234,1842.0
1079,359.0,1948.0,13.919191919191906,1842.0
1080,360.0,1920.0,19.57575757575755,1842.0
1081,360.0,1897.0,24.22222222222224,1842.0
1082,360.0,2042.0,-5.070707070707028,1842.0
1083,361.0,1967.0,10.080808080808065,1842.0
1084,361.0,1943.0,14.929292929292869,1842.0
1085,361.0,1949.0,13.717171717171762,1842.0
1086,362.0,1987.0,6.040404040404049,1842.0
1087,362.0,1945.0,14.525252525252508,1842.0
1088,362.0,1937.0,16.141414141414106,1842.0
1089,363.0,2038.0,-4.262626262626229,1842.0
1090,363.0,1898.0,24.020202020202053,1842.0
1091,363.0,1943.0,14.929292929292918,1842.0
1092,364.0,2014.0,0.5858585858586061,1842.0
1093,364.0,1887.0,26.242424242424242,1842.0
1094,364.0,1942.0,15.131313131313107,1842.0
1095,365.0,1956.0,12.303030303030301,1842.0
1096,365.0,1975.0,8.464646464646451,1842.0
1097,365.0,1895.0,24.626262626262637,1842.0
1098,366.0,1989.0,5.636363636363634,1842.0
1099,366.0,1941.0,15.33333333333334,1842.0
1100,366.0,1989.0,5.636363636363634,1842.0
1101,367.0,1964.0,10.686868686868664,1842.0
1102,367.0,1916.0,20.383838383838373,1842.0
1103,367.0,1995.0,4.424242424242452,1842.0
1104,368.0,1909.0,21.797979797979792,1842.0
1105,368.0,1889.0,25.838383838383834,1842.0
1106,368.0,2008.0,1.7979797979798526,1842.0
1107,369.0,1995.0,4.424242424242436,1842.0
1108,369.0,1923.0,18.969696969696976,1842.0
1109,369.0,1993.0,4.828282828282843,1842.0
1110,370.0,1988.0,5.838383838383818,1842.0
1111,370.0,1976.0,8.26262626262626,1842.0
1112,370.0,1915.0,20.585858585858563,1842.0
1113,371.0,1928.0,17.959595959596005,1842.0
1114,371.0,1940.0,15.53535353535353,1842.0
1115,371.0,2003.0,2.808080808080792,1842.0
1116,372.0,1932.0,17.151515151515127,1842.0
1117,372.0,1918.0,19.97979797979803,1842.0
1118,372.0,2006.0,2.2020202020202735,1842.0
1119,373.0,1919.0,19.777777777777786,1842.0
1120,373.0,1899.0,23.8181818181818,1842.0
1121,373.0,1877.0,28.262626262626263,1842.0
1122,374.0,1946.0,14.323232323232315,1842.0
1123,374.0,1911.0,21.393939393939434,1842.0
1124,374.0,1949.0,13.71717171717169,1842.0
1125,375.0,1978.0,7.858585858585936,1842.0
1126,375.0,1889.0,25.838383838383862,1842.0
1127,375.0,1923.0,18.96969696969698,1842.0
1128,376.0,1881.0,27.454545454545457,1842.0
1129,376.0,1977.0,8.060606060606084,1842.0
1130,376.0,1900.0,23.616161616161637,1842.0
1131,377.0,1912.0,21.191919191919233,1842.0
1132,377.0,1978.0,7.858585858585876,1842.0
1133,377.0,1936.0,16.343434343434346,1842.0
1134,378.0,1889.0,25.838383838383848,1842.0
1135,378.0,1938.0,15.939393939393941,1842.0
1136,378.0,1880.0,27.656565656565668,1842.0
1137,379.0,1911.0,21.393939393939423,1842.0
1138,379.0,1921.0,19.373737373737345,1842.0
1139,379.0,1853.0,33.11111111111108,1842.0
1140,380.0,1958.0,11.898989898989932,1842.0
1141,380.0,1885.0,26.646464646464683,1842.0
1142,380.0,2007.0,2.0000000000000124,1842.0
1143,381.0,1984.0,6.646464646464711,1842.0
1144,381.0,1990.0,5.434343434343466,1842.0
1145,381.0,1910.0,21.59595959595962,1842.0
1146,382.0,1857.0,32.30303030303034,1842.0
1147,382.0,1890.0,25.636363636363626,1842.0
1148,382.0,2016.0,0.18181818181816567,1842.0
1149,383.0,1923.0,18.969696969696958,1842.0
1150,383.0,1940.0,15.535353535353543,1842.0
1151,383.0,1983.0,6.84848484848489,1842.0
1152,384.0,1931.0,17.353535353535364,1842.0
1153,384.0,1916.0,20.383838383838416,1842.0
1154,384.0,1883.0,27.050505050505045,1842.0
1155,385.0,1901.0,23.414141414141422,1842.0
1156,385.0,1895.0,24.62626262626264,1842.0
1157,385.0,1931.0,17.353535353535374,1842.0
1158,386.0,1945.0,14.525252525252567,1842.0
1159,386.0,1917.0,20.181818181818226,1842.0
1160,386.0,1889.0,25.838383838383848,1842.0
1161,387.0,1907.0,22.2020202020202,1842.0
1162,387.0,1980.0,7.4545454545454595,1842.0
1163,387.0,1883.0,27.050505050505063,1842.0
1164,388.0,1908.0,22.000000000000007,1842.0
1165,388.0,1922.0,19.171717171717155,1842.0
1166,388.0,1958.0,11.898989898989878,1842.0
1167,389.0,1957.0,12.101010101010097,1842.0
1168,389.0,2084.0,-13.555555555555573,1842.0
1169,389.0,1889.0,25.838383838383837,1842.0
1170,390.0,1945.0,14.525252525252558,1842.0
1171,390.0,1938.0,15.93939393939391,1842.0
1172,390.0,1891.0,25.434343434343496,1842.0
1173,391.0,2036.0,-3.858585858585837,1842.0
1174,391.0,1890.0,25.63636363636363,1842.0
1175,391.0,1896.0,24.424242424242443,1842.0
1176,392.0,1972.0,9.070707070707087,1842.0
1177,392.0,1955.0,12.505050505050502,1842.0
1178,392.0,1887.0,26.242424242424264,1842.0
1179,393.0,1979.0,7.656565656565714,1842.0
1180,393.0,1936.0,16.343434343434353,1842.0
1181,393.0,1924.0,18.767676767676775,1842.0
1182,394.0,1968.0,9.878787878787845,1842.0
1183,394.0,1967.0,10.080808080808083,1842.0
1184,394.0,2026.0,-1.8383838383838125,1842.0
1185,395.0,1965.0,10.484848484848523,1842.0
1186,395.0,2022.0,-1.0303030303029992,1842.0
1187,395.0,1942.0,15.13131313131312,1842.0
1188,396.0,1918.0,19.979797979797976,1842.0
1189,396.0,1969.0,9.676767676767685,1842.0
1190,396.0,1901.0,23.41414141414141,1842.0
1191,397.0,1918.0,19.979797979798036,1842.0
1192,397.0,1895.0,24.626262626262566,1842.0
1193,397.0,1976.0,8.262626262626284,1842.0
1194,398.0,1991.0,5.232323232323267,1842.0
1195,398.0,1928.0,17.959595959595966,1842.0
1196,398.0,1957.0,12.101010101010116,1842.0
1197,399.0,1963.0,10.888888888888903,1842.0
1198,399.0,1939.0,15.737373737373787,1842.0
1199,399.0,2025.0,-1.6363636363636562,1842.0
1200,400.0,1879.0,27.858585858585915,1842.0
1201,400.0,1999.0,3.6161616161616514,1842.0
1202,400.0,1938.0,15.939393939393916,1842.0
1203,401.0,2067.0,-10.12121212121213,1842.0
1204,401.0,1944.0,14.727272727272705,1842.0
1205,401.0,1930.0,17.555555555555557,1842.0
1206,402.0,1928.0,17.959595959595976,1842.0
1207,402.0,1920.0,19.575757575757542,1842.0
1208,402.0,1958.0,11.898989898989909,1842.0
1209,403.0,1911.0,21.393939393939398,1842.0
1210,403.0,1946.0,14.32323232323236,1842.0
1211,403.0,1952.0,13.111111111111143,1842.0
1212,404.0,1936.0,16.343434343434367,1842.0
1213,404.0,2043.0,-5.272727272727279,1842.0
1214,404.0,1902.0,23.21212121212124,1842.0
1215,405.0,1862.0,31.292929292929305,1842.0
1216,405.0,1996.0,4.222222222222259,1842.0
1217,405.0,1903.0,23.01010101010104,1842.0
1218,406.0,1941.0,15.333333333333373,1842.0
1219,406.0,1925.0,18.565656565656553,1842.0
1220,406.0,1977.0,8.060606060606062,1842.0
1221,407.0,1948.0,13.919191919191949,1842.0
1222,407.0,1879.0,27.85858585858586,1842.0
1223,407.0,1964.0,10.686868686868667,1842.0
1224,408.0,2030.0,-2.646464646464624,1842.0
1225,408.0,1976.0,8.262626262626274,1842.0
1226,408.0,1925.0,18.565656565656578,1842.0
1227,409.0,1982.0,7.050505050505087,1842.0
1228,409.0,1891.0,25.434343434343464,1842.0
1229,409.0,1874.0,28.868686868686876,1842.0
1230,410.0,1913.0,20.989898989898975,1842.0
1231,410.0,1910.0,21.59595959595961,1842.0
1232,410.0,1913.0,20.989898989898975,1842.0
1233,411.0,1949.0,13.71717171717169,1842.0
1234,411.0,1960.0,11.494949494949555,1842.0
1235,411.0,1905.0,22.606060606060602,1842.0
1236,412.0,1981.0,7.252525252525295,1842.0
1237,412.0,1900.0,23.61616161616162,1842.0
1238,412.0,1921.0,19.37373737373742,1842.0
1239,413.0,1942.0,15.131313131313199,1842.0
1240,413.0,1925.0,18.56565656565656,1842.0
1241,413.0,1934.0,16.747474747474783,1842.0
1242,414.0,1930.0,17.55555555555557,1842.0
1243,414.0,1972.0,9.070707070707112,1842.0
1244,414.0,1893.0,25.030303030303028,1842.0
1245,415.0,2004.0,2.6060606060606215,1842.0
1246,415.0,1907.0,22.20202020202022,1842.0
1247,415.0,1878.0,28.060606060606055,1842.0
1248,416.0,1955.0,12.505050505050542,1842.0
1249,416.0,1935.0,16.545454545454596,1842.0
1250,416.0,1890.0,25.636363636363637,1842.0
1251,417.0,1886.0,26.444444444444407,1842.0
1252,417.0,1874.0,28.86868686868685,1842.0
1253,417.0,1890.0,25.636363636363647,1842.0
1254,418.0,1933.0,16.94949494949499,1842.0
1255,418.0,1924.0,18.767676767676797,1842.0
1256,418.0,1949.0,13.717171717171691,1842.0
1257,419.0,1935.0,16.54545454545451,1842.0
1258,419.0,1990.0,5.434343434343434,1842.0
1259,419.0,1923.0,18.96969696969701,1842.0
1260,420.0,1908.0,22.000000000000014,1842.0
1261,420.0,1986.0,6.242424242424285,1842.0
1262,420.0,1974.0,8.666666666666657,1842.0
1263,421.0,1976.0,8.262626262626302,1842.0
1264,421.0,1932.0,17.151515151515135,1842.0
1265,421.0,1921.0,19.37373737373739,1842.0
1266,422.0,1934.0,16.747474747474776,1842.0
1267,422.0,2007.0,1.9999999999999423,1842.0
1268,422.0,1924.0,18.767676767676804,1842.0
1269,423.0,1890.0,25.63636363636363,1842.0
1270,423.0,1897.0,24.222222222222214,1842.0
1271,423.0,1996.0,4.2222222222222445,1842.0
1272,424.0,1946.0,14.323232323232343,1842.0
1273,424.0,1915.0,20.585858585858617,1842.0
1274,424.0,1907.0,22.202020202020236,1842.0
1275,425.0,1966.0,10.282828282828287,1842.0
1276,425.0,1979.0,7.65656565656565,1842.0
1277,425.0,1919.0,19.7777777777778,1842.0
1278,426.0,1933.0,16.949494949494948,1842.0
1279,426.0,1913.0,20.98989898989897,1842.0
1280,426.0,1891.0,25.434343434343454,1842.0
1281,427.0,1904.0,22.808080808080824,1842.0
1282,427.0,1966.0,10.28282828282832,1842.0
1283,427.0,1941.0,15.333333333333382,1842.0
1284,428.0,1961.0,11.292929292929319,1842.0
1285,428.0,1983.0,6.84848484848489,1842.0
1286,428.0,1955.0,12.50505050505054,1842.0
1287,429.0,1921.0,19.37373737373736,1842.0
1288,429.0,1977.0,8.060606060606084,1842.0
1289,429.0,1937.0,16.14141414141416,1842.0
1290,430.0,1946.0,14.323232323232325,1842.0
1291,430.0,2060.0,-8.707070707070669,1842.0
1292,430.0,1981.0,7.252525252525287,1842.0
1293,431.0,1989.0,5.63636363636361,1842.0
1294,431.0,1937.0,16.141414141414128,1842.0
1295,431.0,1860.0,31.69696969696969,1842.0
1296,432.0,1985.0,6.444444444444457,1842.0
1297,432.0,2011.0,1.1919191919192222,1842.0
1298,432.0,1944.0,14.727272727272748,1842.0
1299,433.0,1873.0,29.070707070707087,1842.0
1300,433.0,1960.0,11.494949494949493,1842.0
1301,433.0,1903.0,23.010101010101028,1842.0
1302,434.0,1945.0,14.525252525252547,1842.0
1303,434.0,1989.0,5.636363636363591,1842.0
1304,434.0,1920.0,19.57575757575762,1842.0
1305,435.0,1916.0,20.383838383838388,1842.0
1306,435.0,1951.0,13.31313131313128,1842.0
1307,435.0,2012.0,0.9898989898989576,1842.0
1308,436.0,1950.0,13.515151515151516,1842.0
1309,436.0,1851.0,33.515151515151544,1842.0
1310,436.0,1904.0,22.808080808080803,1842.0
1311,437.0,1914.0,20.78787878787882,1842.0
1312,437.0,2036.0,-3.8585858585858634,1842.0
1313,437.0,1905.0,22.606060606060637,1842.0
1314,438.0,1880.0,27.65656565656564,1842.0
1315,438.0,1974.0,8.666666666666718,1842.0
1316,438.0,1978.0,7.858585858585847,1842.0
1317,439.0,2002.0,3.0101010101010424,1842.0
1318,439.0,1969.0,9.676767676767671,1842.0
1319,439.0,1919.0,19.777777777777796,1842.0
1320,440.0,1960.0,11.494949494949541,1842.0
1321,440.0,1946.0,14.323232323232332,1842.0
1322,440.0,2038.0,-4.26262626262627,1842.0
1323,441.0,2018.0,-0.22222222222223742,1842.0
1324,441.0,2007.0,1.999999999999977,1842.0
1325,441.0,1984.0,6.646464646464653,1842.0
1326,442.0,1923.0,18.969696969696965,1842.0
1327,442.0,1905.0,22.60606060606058,1842.0
1328,442.0,1908.0,22.000000000000014,1842.0
1329,443.0,1978.0,7.858585858585872,1842.0
1330,443.0,2035.0,-3.6565656565657028,1842.0
1331,443.0,1954.0,12.707070707070699,1842.0
1332,444.0,2004.0,2.606060606060633,1842.0
1333,444.0,1905.0,22.60606060606061,1842.0
1334,444.0,1921.0,19.37373737373737,1842.0
1335,445.0,1901.0,23.41414141414142,1842.0
1336,445.0,1968.0,9.878787878787872,1842.0
1337,445.0,2013.0,0.7878787878787765,1842.0
1338,446.0,1918.0,19.979797979797983,1842.0
1339,446.0,1960.0,11.494949494949473,1842.0
1340,446.0,1949.0,13.717171717171768,1842.0
1341,447.0,1906.0,22.404040404040327,1842.0
1342,447.0,2116.0,-20.020202020202042,1842.0
1343,447.0,1923.0,18.969696969696958,1842.0
1344,448.0,1982.0,7.050505050505029,1842.0
1345,448.0,1881.0,27.454545454545453,1842.0
1346,448.0,1892.0,25.232323232323207,1842.0
1347,449.0,1952.0,13.111111111111095,1842.0
1348,449.0,1912.0,21.19191919191919,1842.0
1349,449.0,1929.0,17.75757575757578,1842.0
1350,450.0,1953.0,12.909090909090917,1842.0
1351,450.0,1954.0,12.707070707070708,1842.0
1352,450.0,1946.0,14.323232323232318,1842.0
1353,451.0,1969.0,9.676767676767698,1842.0
1354,451.0,1872.0,29.272727272727295,1842.0
1355,451.0,1913.0,20.989898989898997,1842.0
1356,452.0,1949.0,13.717171717171711,1842.0
1357,452.0,1906.0,22.404040404040394,1842.0
1358,452.0,1888.0,26.04040404040404,1842.0
1359,453.0,1918.0,19.979797979798004,1842.0
1360,453.0,1949.0,13.71717171717173,1842.0
1361,453.0,1880.0,27.65656565656562,1842.0
1362,454.0,1913.0,20.989898989898997,1842.0
1363,454.0,2049.0,-6.484848484848472,1842.0
1364,454.0,1900.0,23.616161616161605,1842.0
1365,455.0,1895.0,24.62626262626265,1842.0
1366,455.0,1888.0,26.040404040404013,1842.0
1367,455.0,1920.0,19.57575757575761,1842.0
1368,456.0,1927.0,18.16161616161616,1842.0
1369,456.0,1888.0,26.040404040404013,1842.0
1370,456.0,1931.0,17.35353535353535,1842.0
1371,457.0,1923.0,18.96969696969697,1842.0
1372,457.0,1940.0,15.535353535353524,1842.0
1373,457.0,1881.0,27.454545454545478,1842.0
1374,458.0,1905.0,22.606060606060602,1842.0
1375,458.0,1996.0,4.222222222222285,1842.0
1376,458.0,1958.0,11.8989898989899,1842.0
1377,459.0,1984.0,6.64646464646463,1842.0
1378,459.0,1944.0,14.727272727272751,1842.0
1379,459.0,1949.0,13.717171717171745,1842.0
1380,460.0,1954.0,12.70707070707077,1842.0
1381,460.0,2008.0,1.797979797979771,1842.0
1382,460.0,2014.0,0.5858585858586043,1842.0
1383,461.0,1970.0,9.474747474747495,1842.0
1384,461.0,2003.0,2.8080808080808026,1842.0
1385,461.0,2007.0,2.0000000000000266,1842.0
1386,462.0,1982.0,7.050505050505031,1842.0
1387,462.0,1979.0,7.656565656565681,1842.0
1388,462.0,2030.0,-2.6464646464646435,1842.0
1389,463.0,2051.0,-6.888888888888895,1842.0
1390,463.0,1907.0,22.202020202020197,1842.0
1391,463.0,1979.0,7.656565656565654,1842.0
1392,464.0,1905.0,22.606060606060616,1842.0
1393,464.0,1950.0,13.51515151515153,1842.0
1394,464.0,1950.0,13.515151515151501,1842.0
1395,465.0,1911.0,21.393939393939384,1842.0
1396,465.0,1905.0,22.606060606060574,1842.0
1397,465.0,1928.0,17.959595959596,1842.0
1398,466.0,2018.0,-0.22222222222221077,1842.0
1399,466.0,1974.0,8.666666666666709,1842.0
1400,466.0,1978.0,7.858585858585869,1842.0
1401,467.0,1938.0,15.93939393939396,1842.0
1402,467.0,1906.0,22.404040404040412,1842.0
1403,467.0,1901.0,23.41414141414144,1842.0
1404,468.0,1917.0,20.1818181818182,1842.0
1405,468.0,1976.0,8.262626262626267,1842.0
1406,468.0,1965.0,10.484848484848484,1842.0
1407,469.0,1901.0,23.414141414141454,1842.0
1408,469.0,1978.0,7.858585858585911,1842.0
1409,469.0,1928.0,17.95959595959595,1842.0
1410,470.0,1898.0,24.020202020202,1842.0
1411,470.0,1917.0,20.18181818181816,1842.0
1412,470.0,2039.0,-4.464646464646469,1842.0
1413,471.0,2015.0,0.383838383838361,1842.0
1414,471.0,1975.0,8.464646464646474,1842.0
1415,471.0,2025.0,-1.6363636363636083,1842.0
1416,472.0,1963.0,10.88888888888886,1842.0
1417,472.0,1961.0,11.292929292929323,1842.0
1418,472.0,1905.0,22.6060606060606,1842.0
1419,473.0,1967.0,10.08080808080804,1842.0
1420,473.0,1961.0,11.292929292929323,1842.0
1421,473.0,1871.0,29.474747474747502,1842.0
1422,474.0,1906.0,22.40404040404039,1842.0
1423,474.0,1927.0,18.16161616161616,1842.0
1424,474.0,1958.0,11.898989898989942,1842.0
1425,475.0,2021.0,-0.8282828282828003,1842.0
1426,475.0,1901.0,23.414141414141426,1842.0
1427,475.0,1917.0,20.181818181818183,1842.0
1428,476.0,1895.0,24.62626262626261,1842.0
1429,476.0,1892.0,25.23232323232319,1842.0
1430,476.0,1952.0,13.111111111111086,1842.0
1431,477.0,1991.0,5.232323232323283,1842.0
1432,477.0,1919.0,19.777777777777757,1842.0
1433,477.0,1981.0,7.252525252525256,1842.0
1434,478.0,1901.0,23.414141414141405,1842.0
1435,478.0,1894.0,24.82828282828285,1842.0
1436,478.0,1996.0,4.2222222222222,1842.0
1437,479.0,1960.0,11.494949494949498,1842.0
1438,479.0,1911.0,21.39393939393941,1842.0
1439,479.0,1902.0,23.21212121212123,1842.0
1440,480.0,1918.0,19.979797979797954,1842.0
1441,480.0,1900.0,23.61616161616164,1842.0
1442,480.0,1929.0,17.757575757575744,1842.0
1443,481.0,1895.0,24.62626262626266,1842.0
1444,481.0,1993.0,4.828282828282808,1842.0
1445,481.0,2007.0,2.0000000000000258,1842.0
1446,482.0,1901.0,23.414141414141437,1842.0
1447,482.0,1900.0,23.616161616161662,1842.0
1448,482.0,2002.0,3.0101010101010734,1842.0
1449,483.0,1901.0,23.414141414141383,1842.0
1450,483.0,1955.0,12.50505050505048,1842.0
1451,483.0,1912.0,21.19191919191922,1842.0
1452,484.0,1901.0,23.414141414141415,1842.0
1453,484.0,1958.0,11.898989898989935,1842.0
1454,484.0,1895.0,24.626262626262648,1842.0
1455,485.0,1930.0,17.55555555555556,1842.0
1456,485.0,1865.0,30.68686868686864,1842.0
1457,485.0,1933.0,16.94949494949491,1842.0
1458,486.0,1947.0,14.121212121212114,1842.0
1459,486.0,1931.0,17.35353535353535,1842.0
1460,486.0,1917.0,20.181818181818205,1842.0
1461,487.0,1872.0,29.272727272727227,1842.0
1462,487.0,1901.0,23.414141414141426,1842.0
1463,487.0,2016.0,0.18181818181819231,1842.0
1464,488.0,1887.0,26.242424242424246,1842.0
1465,488.0,1949.0,13.71717171717171,1842.0
1466,488.0,1923.0,18.969696969697008,1842.0
1467,489.0,2003.0,2.808080808080799,1842.0
1468,489.0,1872.0,29.272727272727263,1842.0
1469,489.0,2033.0,-3.252525252525219,1842.0
1470,490.0,1919.0,19.777777777777786,1842.0
1471,490.0,1872.0,29.272727272727302,1842.0
1472,490.0,2035.0,-3.6565656565656752,1842.0
1473,491.0,1872.0,29.27272727272726,1842.0
1474,491.0,1916.0,20.383838383838413,1842.0
1475,491.0,1945.0,14.525252525252547,1842.0
1476,492.0,1991.0,5.232323232323221,1842.0
1477,492.0,1877.0,28.2626262626262,1842.0
1478,492.0,1918.0,19.97979797979795,1842.0
1479,493.0,1934.0,16.747474747474765,1842.0
1480,493.0,1941.0,15.333333333333297,1842.0
1481,493.0,1939.0,15.737373737373765,1842.0
1482,494.0,1901.0,23.414141414141458,1842.0
1483,494.0,1920.0,19.575757575757585,1842.0
1484,494.0,1952.0,13.111111111111144,1842.0
1485,495.0,1872.0,29.272727272727238,1842.0
1486,495.0,1982.0,7.050505050505036,1842.0
1487,495.0,1983.0,6.848484848484852,1842.0
1488,496.0,1916.0,20.383838383838416,1842.0
1489,496.0,1988.0,5.838383838383855,1842.0
1490,496.0,2003.0,2.808080808080824,1842.0
1491,497.0,1923.0,18.96969696969702,1842.0
1492,497.0,1922.0,19.171717171717148,1842.0
1493,497.0,1967.0,10.080808080808064,1842.0
1494,498.0,1938.0,15.939393939393902,1842.0
1495,498.0,1970.0,9.474747474747478,1842.0
1496,498.0,1943.0,14.929292929292949,1842.0
1497,499.0,1940.0,15.535353535353522,1842.0
1498,499.0,1994.0,4.626262626262646,1842.0
1499,499.0,1872.0,29.27272727272726,1842.0
1500,500.0,1901.0,23.41414141414141,1842.0
1501,500.0,1951.0,13.313131313131267,1842.0
1502,500.0,1898.0,24.020202020202003,1842.0
1503,501.0,1895.0,24.626262626262665,1842.0
1504,501.0,1917.0,20.181818181818187,1842.0
1505,501.0,1927.0,18.16161616161615,1842.0
1506,502.0,1908.0,22.000000000000007,1842.0
1507,502.0,1923.0,18.969696969696948,1842.0
1508,502.0,1935.0,16.545454545454554,1842.0
1509,503.0,1938.0,15.939393939393934,1842.0
1510,503.0,1916.0,20.383838383838366,1842.0
1511,503.0,1955.0,12.505050505050459,1842.0
1512,504.0,1935.0,16.545454545454582,1842.0
1513,504.0,2103.0,-17.393939393939405,1842.0
1514,504.0,1932.0,17.151515151515113,1842.0
1515,505.0,1939.0,15.737373737373714,1842.0
1516,505.0,1922.0,19.17171717171722,1842.0
1517,505.0,1901.0,23.41414141414141,1842.0
1518,506.0,1903.0,23.010101010100954,1842.0
1519,506.0,1922.0,19.171717171717155,1842.0
1520,506.0,1919.0,19.7777777777778,1842.0
1521,507.0,1959.0,11.696969696969733,1842.0
1522,507.0,1956.0,12.303030303030333,1842.0
1523,507.0,1926.0,18.363636363636296,1842.0
1524,508.0,1955.0,12.50505050505049,1842.0
1525,508.0,1915.0,20.585858585858595,1842.0
1526,508.0,1935.0,16.545454545454525,1842.0
1527,509.0,1929.0,17.757575757575744,1842.0
1528,509.0,1921.0,19.373737373737395,1842.0
1529,509.0,1904.0,22.808080808080767,1842.0
1530,510.0,1916.0,20.383838383838345,1842.0
1531,510.0,1969.0,9.676767676767707,1842.0
1532,510.0,1903.0,23.010101010101003,1842.0
1533,511.0,1919.0,19.777777777777786,1842.0
1534,511.0,1927.0,18.161616161616166,1842.0
1535,511.0,1939.0,15.737373737373735,1842.0
1536,512.0,1919.0,19.77777777777777,1842.0
1537,512.0,1939.0,15.737373737373686,1842.0
1538,512.0,1919.0,19.77777777777779,1842.0
1539,513.0,1899.0,23.81818181818184,1842.0
1540,513.0,1893.0,25.030303030303063,1842.0
1541,513.0,1895.0,24.626262626262644,1842.0
1542,514.0,1919.0,19.77777777777778,1842.0
1543,514.0,1895.0,24.62626262626265,1842.0
1544,514.0,1919.0,19.777777777777793,1842.0
1545,515.0,1879.0,27.858585858585855,1842.0
1546,515.0,1928.0,17.959595959595937,1842.0
1547,515.0,1919.0,19.77777777777777,1842.0
1548,516.0,1970.0,9.474747474747502,1842.0
1549,516.0,1917.0,20.1818181818182,1842.0
1550,516.0,1918.0,19.979797979798008,1842.0
1551,517.0,1898.0,24.02020202020206,1842.0
1552,517.0,1988.0,5.838383838383843,1842.0
1553,517.0,1905.0,22.606060606060552,1842.0
1554,518.0,1901.0,23.41414141414142,1842.0
1555,518.0,1901.0,23.414141414141383,1842.0
1556,518.0,1924.0,18.767676767676804,1842.0
1557,519.0,1926.0,18.363636363636388,1842.0
1558,519.0,1901.0,23.414141414141383,1842.0
1559,519.0,1918.0,19.97979797979795,1842.0
1560,520.0,1901.0,23.41414141414142,1842.0
1561,520.0,1919.0,19.77777777777776,1842.0
1562,520.0,1901.0,23.41414141414141,1842.0
1563,521.0,1899.0,23.81818181818182,1842.0
1564,521.0,1932.0,17.151515151515156,1842.0
1565,521.0,1949.0,13.717171717171663,1842.0
1566,522.0,2023.0,-1.232323232323175,1842.0
1567,522.0,1931.0,17.35353535353532,1842.0
1568,522.0,1918.0,19.979797979797976,1842.0
1569,523.0,1901.0,23.414141414141397,1842.0
1570,523.0,1901.0,23.414141414141376,1842.0
1571,523.0,1936.0,16.343434343434346,1842.0
1572,524.0,1895.0,24.626262626262587,1842.0
1573,524.0,1895.0,24.626262626262587,1842.0
1574,524.0,1895.0,24.62626262626258,1842.0
1575,525.0,1907.0,22.20202020202025,1842.0
1576,525.0,1901.0,23.4141414141414,1842.0
1577,525.0,2002.0,3.010101010101023,1842.0
1578,526.0,1901.0,23.414141414141397,1842.0
1579,526.0,1924.0,18.767676767676736,1842.0
1580,526.0,1901.0,23.414141414141433,1842.0
1581,527.0,1965.0,10.48484848484851,1842.0
1582,527.0,1918.0,19.979797979797993,1842.0
1583,527.0,1901.0,23.414141414141447,1842.0
1584,528.0,1926.0,18.363636363636353,1842.0
1585,528.0,1905.0,22.606060606060602,1842.0
1586,528.0,1895.0,24.626262626262587,1842.0
1587,529.0,1918.0,19.979797979797997,1842.0
1588,529.0,1939.0,15.737373737373732,1842.0
1589,529.0,1905.0,22.606060606060552,1842.0
1590,530.0,1908.0,21.99999999999998,1842.0
1591,530.0,1954.0,12.707070707070699,1842.0
1592,530.0,1901.0,23.414141414141426,1842.0
1593,531.0,1934.0,16.74747474747474,1842.0
1594,531.0,1937.0,16.14141414141411,1842.0
1595,531.0,1934.0,16.74747474747472,1842.0
1596,532.0,1955.0,12.50505050505048,1842.0
1597,532.0,1901.0,23.41414141414139,1842.0
1598,532.0,1901.0,23.414141414141397,1842.0
1599,533.0,1946.0,14.32323232323234,1842.0
1600,533.0,1947.0,14.121212121212091,1842.0
1601,533.0,1918.0,19.979797979798008,1842.0
1602,534.0,1941.0,15.333333333333343,1842.0
1603,534.0,1901.0,23.414141414141376,1842.0
1604,534.0,1901.0,23.414141414141387,1842.0
1605,535.0,1931.0,17.353535353535346,1842.0
1606,535.0,1901.0,23.414141414141405,1842.0
1607,535.0,1910.0,21.59595959595966,1842.0
1608,536.0,1966.0,10.282828282828241,1842.0
1609,536.0,1928.0,17.959595959596008,1842.0
1610,536.0,1901.0,23.414141414141383,1842.0
1611,537.0,1895.0,24.62626262626264,1842.0
1612,537.0,1918.0,19.97979797979798,1842.0
1613,537.0,1931.0,17.353535353535328,1842.0
1614,538.0,1901.0,23.414141414141415,1842.0
1615,538.0,1901.0,23.414141414141376,1842.0
1616,538.0,1901.0,23.414141414141376,1842.0
1617,539.0,1901.0,23.414141414141383,1842.0
1618,539.0,1901.0,23.414141414141397,1842.0
1619,539.0,1901.0,23.41414141414142,1842.0
1620,540.0,1901.0,23.414141414141383,1842.0
1621,540.0,1901.0,23.41414141414137,1842.0
1622,540.0,1928.0,17.959595959595944,1842.0
1623,541.0,1901.0,23.414141414141383,1842.0
1624,541.0,1901.0,23.41414141414141,1842.0
1625,541.0,1901.0,23.414141414141405,1842.0
1626,542.0,1901.0,23.41414141414137,1842.0
1627,542.0,1901.0,23.414141414141387,1842.0
1628,542.0,1901.0,23.414141414141405,1842.0
1629,543.0,1901.0,23.41414141414139,1842.0
1630,543.0,2042.0,-5.0707070707070425,1842.0
1631,543.0,1895.0,24.62626262626265,1842.0
1632,544.0,1945.0,14.525252525252519,1842.0
1633,544.0,1901.0,23.41414141414139,1842.0
1634,544.0,1901.0,23.414141414141383,1842.0
1635,545.0,1901.0,23.414141414141408,1842.0
1636,545.0,1901.0,23.41414141414139,1842.0
1637,545.0,1901.0,23.41414141414139,1842.0
1638,546.0,1901.0,23.414141414141383,1842.0
1639,546.0,1901.0,23.414141414141383,1842.0
1640,546.0,1916.0,20.383838383838366,1842.0
1641,547.0,1901.0,23.41414141414139,1842.0
1642,547.0,2084.0,-13.555555555555559,1842.0
1643,547.0,1901.0,23.414141414141405,1842.0
1644,548.0,1901.0,23.41414141414137,1842.0
1645,548.0,1901.0,23.414141414141383,1842.0
1646,548.0,1989.0,5.636363636363617,1842.0
1647,549.0,1901.0,23.41414141414139,1842.0
1648,549.0,1975.0,8.464646464646453,1842.0
1649,549.0,1896.0,24.424242424242415,1842.0
1650,550.0,1901.0,23.414141414141383,1842.0
1651,550.0,1901.0,23.414141414141397,1842.0
1652,550.0,1901.0,23.414141414141376,1842.0
1653,551.0,1901.0,23.414141414141383,1842.0
1654,551.0,1918.0,19.979797979798004,1842.0
1655,551.0,1901.0,23.414141414141397,1842.0
1656,552.0,1869.0,29.878787878787875,1842.0
1657,552.0,1901.0,23.414141414141426,1842.0
1658,552.0,1869.0,29.87878787878789,1842.0
1659,553.0,1904.0,22.80808080808078,1842.0
1660,553.0,1901.0,23.414141414141376,1842.0
1661,553.0,1869.0,29.878787878787854,1842.0
1662,554.0,1869.0,29.87878787878787,1842.0
1663,554.0,1895.0,24.626262626262616,1842.0
1664,554.0,1869.0,29.87878787878788,1842.0
1665,555.0,1869.0,29.878787878787847,1842.0
1666,555.0,1950.0,13.51515151515154,1842.0
1667,555.0,1875.0,28.666666666666636,1842.0
1668,556.0,1889.0,25.838383838383805,1842.0
1669,556.0,2009.0,1.595959595959588,1842.0
1670,556.0,1869.0,29.878787878787897,1842.0
1671,557.0,1889.0,25.83838383838382,1842.0
1672,557.0,1869.0,29.878787878787858,1842.0
1673,557.0,1869.0,29.878787878787854,1842.0
1674,558.0,1889.0,25.838383838383816,1842.0
1675,558.0,1889.0,25.838383838383816,1842.0
1676,558.0,1901.0,23.414141414141426,1842.0
1677,559.0,1869.0,29.878787878787893,1842.0
1678,559.0,1889.0,25.838383838383855,1842.0
1679,559.0,1869.0,29.87878787878787,1842.0
1680,560.0,1869.0,29.878787878787918,1842.0
1681,560.0,1886.0,26.444444444444464,1842.0
1682,560.0,1916.0,20.383838383838388,1842.0
1683,561.0,1964.0,10.686868686868674,1842.0
1684,561.0,1923.0,18.96969696969697,1842.0
1685,561.0,1869.0,29.87878787878796,1842.0
1686,562.0,1943.0,14.92929292929298,1842.0
1687,562.0,1869.0,29.878787878787882,1842.0
1688,562.0,1895.0,24.626262626262626,1842.0
1689,563.0,1869.0,29.87878787878791,1842.0
1690,563.0,1889.0,25.83838383838385,1842.0
1691,563.0,1869.0,29.878787878787875,1842.0
1692,564.0,1950.0,13.515151515151501,1842.0
1693,564.0,1869.0,29.87878787878787,1842.0
1694,564.0,1927.0,18.161616161616163,1842.0
1695,565.0,1869.0,29.87878787878787,1842.0
1696,565.0,1889.0,25.8383838383838,1842.0
1697,565.0,1955.0,12.505050505050548,1842.0
1698,566.0,1889.0,25.83838383838383,1842.0
1699,566.0,1979.0,7.6565656565656575,1842.0
1700,566.0,1869.0,29.878787878787882,1842.0
1701,567.0,1941.0,15.333333333333332,1842.0
1702,567.0,1869.0,29.878787878787904,1842.0
1703,567.0,2030.0,-2.6464646464646666,1842.0
1704,568.0,1869.0,29.878787878787875,1842.0
1705,568.0,1869.0,29.878787878787882,1842.0
1706,568.0,1869.0,29.87878787878791,1842.0
1707,569.0,1869.0,29.87878787878787,1842.0
1708,569.0,1869.0,29.87878787878787,1842.0
1709,569.0,1925.0,18.565656565656546,1842.0
1710,570.0,1899.0,23.818181818181813,1842.0
1711,570.0,1869.0,29.87878787878786,1842.0
1712,570.0,1869.0,29.878787878787875,1842.0
1713,571.0,1869.0,29.87878787878786,1842.0
1714,571.0,1869.0,29.878787878787875,1842.0
1715,571.0,1869.0,29.878787878787854,1842.0
1716,572.0,1907.0,22.202020202020165,1842.0
1717,572.0,1916.0,20.38383838383838,1842.0
1718,572.0,1869.0,29.878787878787854,1842.0
1719,573.0,1889.0,25.838383838383884,1842.0
1720,573.0,1869.0,29.87878787878787,1842.0
1721,573.0,1889.0,25.83838383838382,1842.0
1722,574.0,1936.0,16.343434343434346,1842.0
1723,574.0,1916.0,20.383838383838388,1842.0
1724,574.0,1950.0,13.515151515151512,1842.0
1725,575.0,1869.0,29.878787878787882,1842.0
1726,575.0,1886.0,26.44444444444447,1842.0
1727,575.0,1869.0,29.87878787878787,1842.0
1728,576.0,1869.0,29.87878787878789,1842.0
1729,576.0,1931.0,17.35353535353535,1842.0
1730,576.0,1869.0,29.878787878787875,1842.0
1731,577.0,1869.0,29.87878787878786,1842.0
1732,577.0,1869.0,29.878787878787875,1842.0
1733,577.0,1869.0,29.87878787878786,1842.0
1734,578.0,1869.0,29.878787878787875,1842.0
1735,578.0,1869.0,29.878787878787875,1842.0
1736,578.0,1869.0,29.87878787878789,1842.0
1737,579.0,1869.0,29.878787878787882,1842.0
1738,579.0,1869.0,29.878787878787875,1842.0
1739,579.0,1869.0,29.878787878787882,1842.0
1740,580.0,1869.0,29.878787878787875,1842.0
1741,580.0,1869.0,29.878787878787875,1842.0
1742,580.0,1869.0,29.878787878787875,1842.0
1743,581.0,1941.0,15.33333333333334,1842.0
1744,581.0,1941.0,15.333333333333364,1842.0
1745,581.0,1869.0,29.878787878787875,1842.0
1746,582.0,1889.0,25.838383838383844,1842.0
1747,582.0,1889.0,25.83838383838386,1842.0
1748,582.0,1895.0,24.626262626262633,1842.0
1749,583.0,1943.0,14.929292929292934,1842.0
1750,583.0,1925.0,18.565656565656575,1842.0
1751,583.0,1869.0,29.87878787878787,1842.0
1752,584.0,1895.0,24.626262626262648,1842.0
1753,584.0,1916.0,20.383838383838388,1842.0
1754,584.0,1889.0,25.838383838383784,1842.0
1755,585.0,1889.0,25.838383838383866,1842.0
1756,585.0,1942.0,15.131313131313139,1842.0
1757,585.0,1869.0,29.878787878787875,1842.0
1758,586.0,1889.0,25.838383838383812,1842.0
1759,586.0,1898.0,24.020202020202046,1842.0
1760,586.0,1869.0,29.878787878787875,1842.0
1761,587.0,1869.0,29.878787878787875,1842.0
1762,587.0,1869.0,29.87878787878787,1842.0
1763,587.0,1869.0,29.878787878787875,1842.0
1764,588.0,2025.0,-1.6363636363636473,1842.0
1765,588.0,1889.0,25.8383838383838,1842.0
1766,588.0,1869.0,29.87878787878786,1842.0
1767,589.0,1869.0,29.878787878787875,1842.0
1768,589.0,1869.0,29.87878787878787,1842.0
1769,589.0,1869.0,29.878787878787875,1842.0
1770,590.0,1889.0,25.83838383838383,1842.0
1771,590.0,1889.0,25.83838383838384,1842.0
1772,590.0,1886.0,26.444444444444457,1842.0
1773,591.0,1869.0,29.878787878787875,1842.0
1774,591.0,1870.0,29.67676767676766,1842.0
1775,591.0,1869.0,29.878787878787875,1842.0
1776,592.0,1869.0,29.878787878787875,1842.0
1777,592.0,1869.0,29.878787878787875,1842.0
1778,592.0,1869.0,29.878787878787875,1842.0
1779,593.0,1869.0,29.878787878787882,1842.0
1780,593.0,1869.0,29.878787878787847,1842.0
1781,593.0,1889.0,25.838383838383812,1842.0
1782,594.0,1886.0,26.444444444444443,1842.0
1783,594.0,1869.0,29.878787878787875,1842.0
1784,594.0,1915.0,20.58585858585859,1842.0
1785,595.0,1869.0,29.878787878787875,1842.0
1786,595.0,1869.0,29.878787878787882,1842.0
1787,595.0,1889.0,25.83838383838386,1842.0
1788,596.0,1869.0,29.878787878787875,1842.0
1789,596.0,1889.0,25.83838383838384,1842.0
1790,596.0,1869.0,29.878787878787897,1842.0
1791,597.0,1869.0,29.878787878787875,1842.0
1792,597.0,1869.0,29.878787878787875,1842.0
1793,597.0,1869.0,29.87878787878787,1842.0
1794,598.0,1870.0,29.676767676767657,1842.0
1795,598.0,1869.0,29.878787878787875,1842.0
1796,598.0,1869.0,29.878787878787875,1842.0
1797,599.0,1869.0,29.878787878787875,1842.0
1798,599.0,1869.0,29.878787878787875,1842.0
1799,599.0,1967.0,10.080808080808115,1842.0
1800,600.0,1997.0,4.020202020202001,1842.0
1801,600.0,1869.0,29.878787878787875,1842.0
1802,600.0,1869.0,29.878787878787875,1842.0
1803,601.0,1869.0,29.87878787878787,1842.0
1804,601.0,1931.0,17.353535353535346,1842.0
1805,601.0,1869.0,29.878787878787875,1842.0
1806,602.0,1869.0,29.878787878787875,1842.0
1807,602.0,1869.0,29.878787878787875,1842.0
1808,602.0,1869.0,29.878787878787875,1842.0
1809,603.0,1869.0,29.878787878787875,1842.0
1810,603.0,1869.0,29.878787878787875,1842.0
1811,603.0,1869.0,29.87878787878787,1842.0
1812,604.0,2019.0,-0.42424242424239367,1842.0
1813,604.0,1869.0,29.878787878787875,1842.0
1814,604.0,1869.0,29.878787878787875,1842.0
1815,605.0,1869.0,29.878787878787875,1842.0
1816,605.0,1869.0,29.878787878787875,1842.0
1817,605.0,1869.0,29.878787878787875,1842.0
1818,606.0,1869.0,29.878787878787875,1842.0
1819,606.0,1973.0,8.868686868686869,1842.0
1820,606.0,1889.0,25.838383838383827,1842.0
1821,607.0,1904.0,22.808080808080813,1842.0
1822,607.0,1869.0,29.878787878787875,1842.0
1823,607.0,1869.0,29.878787878787875,1842.0
1824,608.0,1869.0,29.87878787878787,1842.0
1825,608.0,1869.0,29.878787878787875,1842.0
1826,608.0,1941.0,15.33333333333338,1842.0
1827,609.0,1869.0,29.87878787878787,1842.0
1828,609.0,1869.0,29.878787878787875,1842.0
1829,609.0,1869.0,29.878787878787875,1842.0
1830,610.0,1869.0,29.878787878787875,1842.0
1831,610.0,1869.0,29.878787878787875,1842.0
1832,610.0,1869.0,29.878787878787875,1842.0
1833,611.0,1869.0,29.878787878787875,1842.0
1834,611.0,1869.0,29.878787878787875,1842.0
1835,611.0,1869.0,29.878787878787875,1842.0
1836,612.0,1901.0,23.414141414141405,1842.0
1837,612.0,1869.0,29.878787878787875,1842.0
1838,612.0,1869.0,29.878787878787875,1842.0
1839,613.0,1869.0,29.878787878787875,1842.0
1840,613.0,1869.0,29.878787878787875,1842.0
1841,613.0,1869.0,29.878787878787875,1842.0
1842,614.0,1869.0,29.878787878787875,1842.0
1843,614.0,1869.0,29.878787878787875,1842.0
1844,614.0,1869.0,29.878787878787843,1842.0
1845,615.0,1931.0,17.353535353535335,1842.0
1846,615.0,1960.0,11.49494949494952,1842.0
1847,615.0,1869.0,29.878787878787875,1842.0
1848,616.0,1954.0,12.707070707070706,1842.0
1849,616.0,1869.0,29.878787878787875,1842.0
1850,616.0,1869.0,29.878787878787882,1842.0
1851,617.0,1869.0,29.878787878787875,1842.0
1852,617.0,1869.0,29.878787878787875,1842.0
1853,617.0,1869.0,29.878787878787875,1842.0
1854,618.0,1869.0,29.878787878787875,1842.0
1855,618.0,1869.0,29.878787878787875,1842.0
1856,618.0,1869.0,29.878787878787875,1842.0
1857,619.0,1869.0,29.878787878787875,1842.0
1858,619.0,1869.0,29.878787878787875,1842.0
1859,619.0,1869.0,29.878787878787875,1842.0
1860,620.0,1869.0,29.878787878787875,1842.0
1861,620.0,1869.0,29.878787878787875,1842.0
1862,620.0,1895.0,24.626262626262598,1842.0
1863,621.0,1895.0,24.626262626262623,1842.0
1864,621.0,1869.0,29.878787878787875,1842.0
1865,621.0,1931.0,17.353535353535342,1842.0
1866,622.0,1895.0,24.62626262626262,1842.0
1867,622.0,1869.0,29.878787878787875,1842.0
1868,622.0,1869.0,29.878787878787875,1842.0
1869,623.0,1869.0,29.878787878787875,1842.0
1870,623.0,1869.0,29.878787878787875,1842.0
1871,623.0,1869.0,29.878787878787875,1842.0
1872,624.0,1869.0,29.878787878787875,1842.0
1873,624.0,1869.0,29.878787878787875,1842.0
1874,624.0,1895.0,24.62626262626263,1842.0
1875,625.0,1923.0,18.969696969696983,1842.0
1876,625.0,1916.0,20.383838383838395,1842.0
1877,625.0,1869.0,29.878787878787875,1842.0
1878,626.0,1869.0,29.878787878787875,1842.0
1879,626.0,1869.0,29.878787878787875,1842.0
1880,626.0,1869.0,29.878787878787875,1842.0
1881,627.0,1869.0,29.878787878787875,1842.0
1882,627.0,1895.0,24.62626262626261,1842.0
1883,627.0,1936.0,16.343434343434325,1842.0
1884,628.0,1915.0,20.58585858585859,1842.0
1885,628.0,1920.0,19.575757575757628,1842.0
1886,628.0,1899.0,23.81818181818182,1842.0
1887,629.0,1869.0,29.878787878787875,1842.0
1888,629.0,1951.0,13.313131313131283,1842.0
1889,629.0,1908.0,22.000000000000043,1842.0
1890,630.0,1869.0,29.878787878787875,1842.0
1891,630.0,1945.0,14.525252525252528,1842.0
1892,630.0,2002.0,3.0101010101010246,1842.0
1893,631.0,1895.0,24.626262626262605,1842.0
1894,631.0,1895.0,24.6262626262626,1842.0
1895,631.0,1895.0,24.626262626262605,1842.0
1896,632.0,1946.0,14.323232323232318,1842.0
1897,632.0,1895.0,24.6262626262626,1842.0
1898,632.0,1895.0,24.626262626262598,1842.0
1899,633.0,1869.0,29.87878787878786,1842.0
1900,633.0,1994.0,4.626262626262633,1842.0
1901,633.0,1901.0,23.41414141414141,1842.0
1902,634.0,1936.0,16.343434343434367,1842.0
1903,634.0,1869.0,29.87878787878786,1842.0
1904,634.0,1869.0,29.87878787878786,1842.0
1905,635.0,1916.0,20.38383838383838,1842.0
1906,635.0,1901.0,23.414141414141405,1842.0
1907,635.0,1895.0,24.626262626262644,1842.0
1908,636.0,1901.0,23.414141414141415,1842.0
1909,636.0,1901.0,23.41414141414141,1842.0
1910,636.0,1951.0,13.313131313131272,1842.0
1911,637.0,1915.0,20.585858585858624,1842.0
1912,637.0,1899.0,23.818181818181806,1842.0
1913,637.0,1895.0,24.626262626262616,1842.0
1914,638.0,1895.0,24.626262626262633,1842.0
1915,638.0,1895.0,24.62626262626263,1842.0
1916,638.0,1940.0,15.535353535353531,1842.0
1917,639.0,1895.0,24.626262626262637,1842.0
1918,639.0,1895.0,24.626262626262616,1842.0
1919,639.0,1895.0,24.6262626262626,1842.0
1920,640.0,1895.0,24.626262626262616,1842.0
1921,640.0,1895.0,24.626262626262616,1842.0
1922,640.0,1895.0,24.62626262626261,1842.0
1923,641.0,1895.0,24.62626262626265,1842.0
1924,641.0,1901.0,23.414141414141426,1842.0
1925,641.0,1901.0,23.414141414141426,1842.0
1926,642.0,1895.0,24.626262626262644,1842.0
1927,642.0,1895.0,24.626262626262648,1842.0
1928,642.0,1895.0,24.62626262626263,1842.0
1929,643.0,1895.0,24.626262626262616,1842.0
1930,643.0,1923.0,18.969696969696933,1842.0
1931,643.0,1901.0,23.414141414141397,1842.0
1932,644.0,1925.0,18.565656565656536,1842.0
1933,644.0,1895.0,24.62626262626266,1842.0
1934,644.0,1901.0,23.41414141414142,1842.0
1935,645.0,1895.0,24.626262626262616,1842.0
1936,645.0,1958.0,11.898989898989905,1842.0
1937,645.0,1895.0,24.6262626262626,1842.0
1938,646.0,1895.0,24.626262626262672,1842.0
1939,646.0,1895.0,24.6262626262626,1842.0
1940,646.0,1901.0,23.414141414141454,1842.0
1941,647.0,1895.0,24.62626262626266,1842.0
1942,647.0,1895.0,24.626262626262626,1842.0
1943,647.0,1895.0,24.62626262626261,1842.0
1944,648.0,1895.0,24.62626262626263,1842.0
1945,648.0,1901.0,23.414141414141366,1842.0
1946,648.0,1895.0,24.626262626262616,1842.0
1947,649.0,1895.0,24.62626262626261,1842.0
1948,649.0,1895.0,24.626262626262672,1842.0
1949,649.0,1895.0,24.626262626262616,1842.0
1950,650.0,1964.0,10.686868686868682,1842.0
1951,650.0,1895.0,24.626262626262616,1842.0
1952,650.0,1998.0,3.818181818181813,1842.0
1953,651.0,1925.0,18.565656565656557,1842.0
1954,651.0,1901.0,23.414141414141397,1842.0
1955,651.0,1895.0,24.626262626262644,1842.0
1956,652.0,1895.0,24.626262626262644,1842.0
1957,652.0,1895.0,24.62626262626265,1842.0
1958,652.0,1895.0,24.626262626262616,1842.0
1959,653.0,1905.0,22.606060606060662,1842.0
1960,653.0,1895.0,24.626262626262644,1842.0
1961,653.0,1895.0,24.62626262626261,1842.0
1962,654.0,1938.0,15.939393939393884,1842.0
1963,654.0,1895.0,24.626262626262616,1842.0
1964,654.0,1940.0,15.535353535353522,1842.0
1965,655.0,1895.0,24.626262626262616,1842.0
1966,655.0,1901.0,23.41414141414139,1842.0
1967,655.0,1895.0,24.626262626262598,1842.0
1968,656.0,1895.0,24.626262626262644,1842.0
1969,656.0,1895.0,24.626262626262584,1842.0
1970,656.0,1895.0,24.62626262626268,1842.0
1971,657.0,1895.0,24.626262626262584,1842.0
1972,657.0,1901.0,23.414141414141397,1842.0
1973,657.0,1895.0,24.626262626262672,1842.0
1974,658.0,1895.0,24.62626262626263,1842.0
1975,658.0,1901.0,23.414141414141397,1842.0
1976,658.0,1895.0,24.626262626262605,1842.0
1977,659.0,1895.0,24.626262626262616,1842.0
1978,659.0,1901.0,23.414141414141405,1842.0
1979,659.0,1925.0,18.56565656565661,1842.0
1980,660.0,1895.0,24.626262626262626,1842.0
1981,660.0,1895.0,24.626262626262644,1842.0
1982,660.0,1895.0,24.62626262626265,1842.0
1983,661.0,1895.0,24.626262626262672,1842.0
1984,661.0,1895.0,24.626262626262616,1842.0
1985,661.0,1895.0,24.62626262626266,1842.0
1986,662.0,1895.0,24.626262626262623,1842.0
1987,662.0,1895.0,24.626262626262598,1842.0
1988,662.0,1908.0,21.999999999999986,1842.0
1989,663.0,1927.0,18.161616161616166,1842.0
1990,663.0,1901.0,23.41414141414142,1842.0
1991,663.0,1895.0,24.626262626262644,1842.0
1992,664.0,1895.0,24.626262626262644,1842.0
1993,664.0,1901.0,23.414141414141397,1842.0
1994,664.0,1895.0,24.626262626262616,1842.0
1995,665.0,1895.0,24.62626262626261,1842.0
1996,665.0,1895.0,24.626262626262584,1842.0
1997,665.0,1895.0,24.626262626262616,1842.0
1998,666.0,1895.0,24.62626262626263,1842.0
1999,666.0,1940.0,15.535353535353558,1842.0
2000,666.0,1895.0,24.62626262626262,1842.0
2001,667.0,1895.0,24.62626262626265,1842.0
2002,667.0,1895.0,24.62626262626266,1842.0
2003,667.0,1986.0,6.242424242424253,1842.0
2004,668.0,1940.0,15.535353535353572,1842.0
2005,668.0,1895.0,24.62626262626263,1842.0
2006,668.0,1901.0,23.41414141414138,1842.0
2007,669.0,1895.0,24.626262626262644,1842.0
2008,669.0,1957.0,12.101010101010111,1842.0
2009,669.0,1960.0,11.494949494949532,1842.0
2010,670.0,1895.0,24.626262626262616,1842.0
2011,670.0,1921.0,19.37373737373736,1842.0
2012,670.0,1895.0,24.626262626262644,1842.0
2013,671.0,1895.0,24.626262626262644,1842.0
2014,671.0,1895.0,24.626262626262616,1842.0
2015,671.0,1901.0,23.414141414141426,1842.0
2016,672.0,1901.0,23.414141414141397,1842.0
2017,672.0,1918.0,19.979797979798,1842.0
2018,672.0,1901.0,23.41414141414141,1842.0
2019,673.0,1895.0,24.626262626262644,1842.0
2020,673.0,1895.0,24.62626262626263,1842.0
2021,673.0,1895.0,24.62626262626263,1842.0
2022,674.0,1895.0,24.62626262626263,1842.0
2023,674.0,1901.0,23.41414141414141,1842.0
2024,674.0,1901.0,23.41414141414142,1842.0
2025,675.0,1895.0,24.62626262626266,1842.0
2026,675.0,1901.0,23.41414141414142,1842.0
2027,675.0,1931.0,17.35353535353536,1842.0
2028,676.0,1895.0,24.626262626262612,1842.0
2029,676.0,1901.0,23.414141414141405,1842.0
2030,676.0,1901.0,23.414141414141408,1842.0
2031,677.0,1895.0,24.62626262626263,1842.0
2032,677.0,1895.0,24.62626262626263,1842.0
2033,677.0,1895.0,24.626262626262616,1842.0
2034,678.0,1895.0,24.626262626262616,1842.0
2035,678.0,1895.0,24.626262626262616,1842.0
2036,678.0,1895.0,24.626262626262616,1842.0
2037,679.0,1895.0,24.62626262626263,1842.0
2038,679.0,1895.0,24.626262626262616,1842.0
2039,679.0,1895.0,24.62626262626263,1842.0
2040,680.0,1895.0,24.626262626262616,1842.0
2041,680.0,1923.0,18.969696969696983,1842.0
2042,680.0,1895.0,24.626262626262644,1842.0
2043,681.0,1895.0,24.626262626262616,1842.0
2044,681.0,1895.0,24.626262626262616,1842.0
2045,681.0,1895.0,24.626262626262616,1842.0
2046,682.0,1901.0,23.414141414141397,1842.0
2047,682.0,1895.0,24.626262626262616,1842.0
2048,682.0,1895.0,24.626262626262644,1842.0
2049,683.0,1895.0,24.626262626262616,1842.0
2050,683.0,1895.0,24.626262626262616,1842.0
2051,683.0,1895.0,24.626262626262616,1842.0
2052,684.0,1895.0,24.626262626262616,1842.0
2053,684.0,1895.0,24.626262626262616,1842.0
2054,684.0,1895.0,24.626262626262616,1842.0
2055,685.0,1960.0,11.494949494949523,1842.0
2056,685.0,1895.0,24.626262626262644,1842.0
2057,685.0,1895.0,24.626262626262616,1842.0
2058,686.0,1895.0,24.626262626262616,1842.0
2059,686.0,1895.0,24.626262626262616,1842.0
2060,686.0,1895.0,24.62626262626261,1842.0
2061,687.0,1895.0,24.62626262626261,1842.0
2062,687.0,1895.0,24.62626262626263,1842.0
2063,687.0,1895.0,24.62626262626261,1842.0
2064,688.0,1895.0,24.62626262626263,1842.0
2065,688.0,1895.0,24.62626262626263,1842.0
2066,688.0,1942.0,15.131313131313108,1842.0
2067,689.0,1895.0,24.626262626262616,1842.0
2068,689.0,1895.0,24.626262626262616,1842.0
2069,689.0,1895.0,24.626262626262616,1842.0
2070,690.0,1895.0,24.62626262626263,1842.0
2071,690.0,1895.0,24.62626262626263,1842.0
2072,690.0,1895.0,24.62626262626263,1842.0
2073,691.0,1895.0,24.626262626262616,1842.0
2074,691.0,1895.0,24.626262626262616,1842.0
2075,691.0,1895.0,24.626262626262616,1842.0
2076,692.0,1895.0,24.626262626262644,1842.0
2077,692.0,1895.0,24.62626262626262,1842.0
2078,692.0,1895.0,24.626262626262616,1842.0
2079,693.0,1901.0,23.41414141414142,1842.0
2080,693.0,1925.0,18.56565656565653,1842.0
2081,693.0,1895.0,24.62626262626263,1842.0
2082,694.0,1895.0,24.626262626262637,1842.0
2083,694.0,1895.0,24.62626262626263,1842.0
2084,694.0,1895.0,24.626262626262616,1842.0
2085,695.0,1895.0,24.62626262626262,1842.0
2086,695.0,1895.0,24.626262626262623,1842.0
2087,695.0,1895.0,24.62626262626263,1842.0
